valuation_date,portfolio_id,security_id,ticker,company_name,sector,target_weight_pct,actual_weight_pct,weight_difference_pct,target_value,quantity,market_price,market_value,allocation_difference
2026-09-30,PORT001,1,RELIANCE.NS,Reliance Industries,Energy,10.0,9.9998815,-0.00011849999999924421,100000000.0,84245,1187.0,99998815.0,1185.0
2026-09-30,PORT001,2,HDFCBANK.NS,HDFC Bank,Financials,6.0,5.999996043347168,-3.9566528320378325e-06,60000000.0,84662,708.7000122070312,59999960.43347168,39.5665283203125
2026-09-30,PORT001,3,ICICIBANK.NS,ICICI Bank,Financials,5.0,4.999990915283203,-9.0847167966146e-06,50000000.0,37830,1321.699951171875,49999909.15283203,90.84716796875
2026-09-30,PORT001,4,INFY.NS,Infosys,Information Technology,5.0,4.999925237207032,-7.476279296803057e-05,50000000.0,50296,994.0999755859376,49999252.37207032,747.6279296800494
2026-09-30,PORT001,5,TCS.NS,Tata Consultancy Services,Information Technology,5.0,4.999978218115234,-2.178188476609222e-05,50000000.0,24383,2050.60009765625,49999782.181152344,217.81884765625
2026-09-30,PORT001,6,BHARTIARTL.NS,Bharti Airtel,Telecommunication,5.0,4.9998949,-0.00010509999999985808,50000000.0,28457,1757.0,49998949.0,1051.0
2026-09-30,PORT001,7,SBIN.NS,State Bank of India,Financials,4.0,3.9999635999999996,-3.640000000038057e-05,40000000.0,41688,959.5,39999636.0,364.0
2026-09-30,PORT001,8,ITC.NS,ITC,Consumer Staples,4.0,3.999974625,-2.537499999988313e-05,40000000.0,152235,262.75,39999746.25,253.75
2026-09-30,PORT001,9,LT.NS,Larsen & Toubro,Industrials,6.0,5.9998320000000005,-0.00016799999999950188,60000000.0,15957,3760.0,59998320.0,1680.0
2026-09-30,PORT001,10,AXISBANK.NS,Axis Bank,Financials,4.0,3.9999476,-5.2399999999952485e-05,40000000.0,32626,1226.0,39999476.0,524.0
2026-09-30,PORT001,11,KOTAKBANK.NS,Kotak Mahindra Bank,Financials,3.0,2.9999814,-1.860000000020179e-05,30000000.0,71942,417.0,29999814.0,186.0
2026-09-30,PORT001,12,MARUTI.NS,Maruti Suzuki,Automobile,3.5,3.4991508,-0.0008492000000002164,35000000.0,2924,11967.0,34991508.0,8492.0
2026-09-30,PORT001,13,SUNPHARMA.NS,Sun Pharmaceutical,Healthcare,3.0,2.999933199682617,-6.680031738293124e-05,30000000.0,16514,1816.5999755859375,29999331.996826172,668.003173828125
2026-09-30,PORT001,14,TITAN.NS,Titan Company,Consumer Discretionary,3.0,2.999898,-0.0001020000000000465,30000000.0,6540,4587.0,29998980.0,1020.0
2026-09-30,PORT001,15,BAJFINANCE.NS,Bajaj Finance,Financials,2.0,1.9999652908935546,-3.470910644542968e-05,20000000.0,20846,959.4000244140624,19999652.908935543,347.0910644568503
2026-09-30,PORT001,16,HINDUNILVR.NS,Hindustan Unilever,Consumer Staples,4.0,3.9998522080322263,-0.00014779196777370274,40000000.0,21286,1879.0999755859375,39998522.080322266,1477.919677734375
2026-09-30,PORT001,17,NTPC.NS,NTPC,Utilities,2.5,2.4999892249999998,-1.0775000000240453e-05,25000000.0,77459,322.75,24999892.25,107.75
2026-09-30,PORT001,18,M&M.NS,Mahindra & Mahindra,Automobile,3.5,3.4998799999999997,-0.00012000000000034206,35000000.0,11864,2950.0,34998800.0,1200.0
2026-09-30,PORT001,19,TMPV.NS,Tata Motors Passenger Vehicles,Automobile,3.0,2.999997,-2.9999999999752447e-06,30000000.0,105820,283.5,29999970.0,30.0
2026-09-30,PORT001,20,POWERGRID.NS,Power Grid Corporation,Utilities,2.5,2.49999245,-7.549999999856283e-06,25000000.0,95969,260.5,24999924.5,75.5
2026-09-30,PORT001,21,ASIANPAINT.NS,Asian Paints,Consumer Discretionary,2.0,1.9999243212890625,-7.5678710937499e-05,20000000.0,8324,2402.60009765625,19999243.212890625,756.787109375
2026-09-30,PORT001,22,ULTRACEMCO.NS,UltraTech Cement,Materials,5.0,4.9992228,-0.0007771999999999224,50000000.0,4563,10956.0,49992228.0,7772.0
2026-09-30,PORT001,23,TECHM.NS,Tech Mahindra,Information Technology,3.0,2.999994,-5.999999999950489e-06,30000000.0,19685,1524.0,29999940.0,60.0
2026-09-30,PORT001,24,WIPRO.NS,Wipro,Information Technology,3.0,2.9999929,-7.0999999999266095e-06,30000000.0,189274,158.5,29999929.0,71.0
2026-09-30,PORT001,25,DRREDDY.NS,Dr. Reddy's Laboratories,Healthcare,3.0,2.999889,-0.00011099999999997223,30000000.0,24330,1233.0,29998890.0,1110.0
