valuation_date,portfolio_id,security_id,ticker,company_name,sector,quantity,market_value,adv_lookback_days,adv_shares,position_pct_adv,max_participation_rate,daily_liquidation_capacity,days_to_liquidate,liquidity_class,liquidity_rank
2026-09-30,PORT001,22,ULTRACEMCO.NS,UltraTech Cement,Materials,4563.0,49992228.0,20,270212.0,1.688674078131245,0.2,54042.4,0.08443370390656225,HIGH,1
2026-09-30,PORT001,16,HINDUNILVR.NS,Hindustan Unilever,Consumer Staples,21286.0,39998522.080322266,20,1281326.9,1.6612466342507914,0.2,256265.38,0.08306233171253956,HIGH,2
2026-09-30,PORT001,21,ASIANPAINT.NS,Asian Paints,Consumer Discretionary,8324.0,19999243.212890625,20,509258.1,1.634534629886103,0.2,101851.62,0.08172673149430515,HIGH,3
2026-09-30,PORT001,8,ITC.NS,ITC,Consumer Staples,152235.0,39999746.25,20,10711562.3,1.4212212535980862,0.2,2142312.4600000004,0.0710610626799043,HIGH,4
2026-09-30,PORT001,25,DRREDDY.NS,Dr. Reddy's Laboratories,Healthcare,24330.0,29998890.0,20,1814150.6,1.3411234987878073,0.2,362830.12000000005,0.06705617493939035,HIGH,5
2026-09-30,PORT001,23,TECHM.NS,Tech Mahindra,Information Technology,19685.0,29999940.0,20,1690909.9,1.1641661096194422,0.2,338181.98,0.05820830548097211,HIGH,6
2026-09-30,PORT001,13,SUNPHARMA.NS,Sun Pharmaceutical,Healthcare,16514.0,29999331.996826172,20,1471438.65,1.12230299238096,0.2,294287.73,0.056115149619048,HIGH,7
2026-09-30,PORT001,14,TITAN.NS,Titan Company,Consumer Discretionary,6540.0,29998980.0,20,588370.85,1.1115438502774229,0.2,117674.17,0.055577192513871145,HIGH,8
2026-09-30,PORT001,17,NTPC.NS,NTPC,Utilities,77459.0,24999892.25,20,7093417.05,1.091984292675982,0.2,1418683.4100000001,0.05459921463379909,HIGH,9
2026-09-30,PORT001,9,LT.NS,Larsen & Toubro,Industrials,15957.0,59998320.0,20,1471555.6,1.0843626975426548,0.2,294311.12000000005,0.054218134877132736,HIGH,10
2026-09-30,PORT001,24,WIPRO.NS,Wipro,Information Technology,189274.0,29999929.0,20,17946949.3,1.0546304936627866,0.2,3589389.8600000003,0.05273152468313932,HIGH,11
2026-09-30,PORT001,19,TMPV.NS,Tata Motors Passenger Vehicles,Automobile,105820.0,29999970.0,20,10118691.3,1.0457874132398919,0.2,2023738.2600000002,0.05228937066199459,HIGH,12
2026-09-30,PORT001,20,POWERGRID.NS,Power Grid Corporation,Utilities,95969.0,24999924.5,20,9521197.35,1.0079509590251274,0.2,1904239.47,0.05039754795125636,HIGH,13
2026-09-30,PORT001,12,MARUTI.NS,Maruti Suzuki,Automobile,2924.0,34991508.0,20,354406.8,0.8250406030584063,0.2,70881.36,0.04125203015292032,HIGH,14
2026-09-30,PORT001,5,TCS.NS,Tata Consultancy Services,Information Technology,24383.0,49999782.181152344,20,2979704.7,0.8183025653515262,0.2,595940.9400000001,0.04091512826757631,HIGH,15
2026-09-30,PORT001,1,RELIANCE.NS,Reliance Industries,Energy,84245.0,99998815.0,20,11496019.05,0.7328188969902585,0.2,2299203.81,0.03664094484951293,HIGH,16
2026-09-30,PORT001,10,AXISBANK.NS,Axis Bank,Financials,32626.0,39999476.0,20,4700733.85,0.6940618431311529,0.2,940146.77,0.03470309215655764,HIGH,17
2026-09-30,PORT001,18,M&M.NS,Mahindra & Mahindra,Automobile,11864.0,34998800.0,20,1888265.45,0.6283014922504673,0.2,377653.09,0.03141507461252336,HIGH,18
2026-09-30,PORT001,4,INFY.NS,Infosys,Information Technology,50296.0,49999252.37207032,20,8783489.05,0.5726198292465565,0.2,1756697.8100000003,0.028630991462327827,HIGH,19
2026-09-30,PORT001,11,KOTAKBANK.NS,Kotak Mahindra Bank,Financials,71942.0,29999814.0,20,12653960.4,0.5685334687786757,0.2,2530792.08,0.028426673438933788,HIGH,20
2026-09-30,PORT001,6,BHARTIARTL.NS,Bharti Airtel,Telecommunication,28457.0,49998949.0,20,5340423.75,0.5328603371595747,0.2,1068084.75,0.02664301685797873,HIGH,21
2026-09-30,PORT001,7,SBIN.NS,State Bank of India,Financials,41688.0,39999636.0,20,8053330.55,0.5176491855285885,0.2,1610666.11,0.025882459276429425,HIGH,22
2026-09-30,PORT001,3,ICICIBANK.NS,ICICI Bank,Financials,37830.0,49999909.15283203,20,8799652.4,0.42990334481848397,0.2,1759930.4800000002,0.021495167240924196,HIGH,23
2026-09-30,PORT001,15,BAJFINANCE.NS,Bajaj Finance,Financials,20846.0,19999652.908935543,20,6025151.85,0.3459829813251927,0.2,1205030.3699999999,0.017299149066259633,HIGH,24
2026-09-30,PORT001,2,HDFCBANK.NS,HDFC Bank,Financials,84662.0,59999960.43347168,20,27910696.1,0.3033317395476926,0.2,5582139.220000001,0.015166586977384629,HIGH,25
