Date,portfolio_id,portfolio_return,cumulative_growth,cumulative_return,running_peak,drawdown
2023-10-04,PORT001,-0.007533161090489257,0.9924668389095107,-0.007533161090489293,0.9924668389095107,0.0
2023-10-05,PORT001,0.00643020933808225,0.9988486084448037,-0.0011513915551962794,0.9988486084448037,0.0
2023-10-06,PORT001,0.004901029416636596,1.0037439948575582,0.003743994857558164,1.0037439948575582,0.0
2023-10-09,PORT001,-0.006319073025548055,0.9974012632550979,-0.002598736744902075,1.0037439948575582,-0.0063190730255480165
2023-10-10,PORT001,0.008405621047968702,1.0057850403067854,0.005785040306785394,1.0057850403067854,0.0
2023-10-11,PORT001,0.007967923906890257,1.0137990589746384,0.0137990589746384,1.0137990589746384,0.0
2023-10-12,PORT001,-0.0016186272889205239,1.0121580961523002,0.012158096152300235,1.0137990589746384,-0.0016186272889203712
2023-10-13,PORT001,-0.0012285415740759407,1.0109146178516395,0.010914617851639496,1.0137990589746384,-0.002845180312079032
2023-10-16,PORT001,-0.00159858137298441,1.0092985885738641,0.00929858857386412,1.0137990589746384,-0.004439213432813838
2023-10-17,PORT001,0.003216637675905296,1.0125451364401088,0.012545136440108795,1.0137990589746384,-0.0012368550980880189
2023-10-18,PORT001,-0.0051892666747565975,1.0072907697068934,0.007290769706893352,1.0137990589746384,-0.006419703401902455
2023-10-19,PORT001,-0.003710745292794512,1.0035529702247281,0.0035529702247281136,1.0137990589746384,-0.010106626810517327
2023-10-20,PORT001,-0.005031060640493802,0.9985040343755798,-0.0014959656244202257,1.0137990589746384,-0.015086840398656598
2023-10-23,PORT001,-0.012883623546505818,0.9856396842870174,-0.014360315712982574,1.0137990589746384,-0.02777609077295995
2023-10-25,PORT001,-0.0073979961830661235,0.9783479256647836,-0.02165207433521643,1.0137990589746384,-0.034968599542507306
2023-10-26,PORT001,-0.013706856934974464,0.9649378506150674,-0.03506214938493257,1.0137990589746384,-0.04819614688633611
2023-10-27,PORT001,0.009961946414236504,0.9745505097759632,-0.025449490224036753,1.0137990589746384,-0.03871432790475393
2023-10-30,PORT001,0.00396804923720918,0.9784175741829015,-0.02158242581709846,1.0137990589746384,-0.03489989902685631
2023-10-31,PORT001,-0.0030540558328220994,0.9754294322835325,-0.024570567716467484,1.0137990589746384,-0.03784736861949067
2023-11-01,PORT001,-0.004070656241237632,0.9714587943771207,-0.028541205622879318,1.0137990589746384,-0.04176396123344295
2023-11-02,PORT001,0.008472429798717922,0.9796894108148281,-0.020310589185171923,1.0137990589746384,-0.03364537366439169
2023-11-03,PORT001,0.005065557099264072,0.984652083464855,-0.015347916535145001,1.0137990589746384,-0.028750249126550553
2023-11-06,PORT001,0.008723748100526492,0.993241940207661,-0.006758059792339011,1.0137990589746384,-0.02027731095723151
2023-11-07,PORT001,0.0005601853290636129,0.9937983397707759,-0.006201660229224082,1.0137990589746384,-0.0197284846802791
2023-11-08,PORT001,0.0019420260685636404,0.995728322053506,-0.004271677946493968,1.0137990589746384,-0.017824771843257814
2023-11-09,PORT001,-0.0019313563383080595,0.993805215847475,-0.006194784152524946,1.0137990589746384,-0.019721702195487523
2023-11-10,PORT001,0.0017305760858170505,0.995525071387981,-0.004474928612019036,1.0137990589746384,-0.01802525601586158
2023-11-13,PORT001,0.0005184845302111081,0.9960412357369329,-0.003958764263067072,1.0137990589746384,-0.01751611730204783
2023-11-15,PORT001,0.011906706688691843,1.0079008065806947,0.007900806580694697,1.0137990589746384,-0.005817969884396201
2023-11-16,PORT001,0.0063888763247506135,1.0143401601815552,0.01434016018155515,1.0143401601815552,0.0
2023-11-17,PORT001,-0.001527716285225855,1.012790536200087,0.012790536200087077,1.0143401601815552,-0.0015277162852259663
2023-11-20,PORT001,-0.00222871881650368,1.010533310874881,0.010533310874881074,1.0143401601815552,-0.003753030251698486
2023-11-21,PORT001,0.0034549478489678868,1.0140246507635986,0.0140246507635986,1.0143401601815552,-0.000311048926525892
2023-11-22,PORT001,0.0025541979583205868,1.0166146704562657,0.016614670456265745,1.0166146704562657,0.0
2023-11-23,PORT001,-0.0019267281189507728,1.0146559303845597,0.014655930384559701,1.0166146704562657,-0.0019267281189508934
2023-11-24,PORT001,-0.0015526254103768128,1.013080549804255,0.013080549804254993,1.0166146704562657,-0.0034763620422914032
2023-11-28,PORT001,0.004789880149361899,1.0179330842194672,0.017933084219467155,1.0179330842194672,0.0
2023-11-29,PORT001,0.010873648318509246,1.029001730589045,0.029001730589045094,1.029001730589045,0.0
2023-11-30,PORT001,0.003973786064321476,1.0330907633262225,0.033090763326222516,1.0330907633262225,0.0
2023-12-01,PORT001,0.006846490249485107,1.0401638091641687,0.04016380916416873,1.0401638091641687,0.0
2023-12-04,PORT001,0.01745537652249439,1.0583202600982011,0.05832026009820113,1.0583202600982011,0.0
2023-12-05,PORT001,0.006594921772565308,1.0652997994238698,0.06529979942386976,1.0652997994238698,0.0
2023-12-06,PORT001,0.005137711568028599,1.0707730025267883,0.07077300252678831,1.0707730025267883,0.0
2023-12-07,PORT001,-0.001215177548021684,1.06947182321509,0.06947182321508993,1.0707730025267883,-0.0012151775480216953
2023-12-08,PORT001,0.0023777774371677024,1.0720147891860172,0.07201478918601723,1.0720147891860172,0.0
2023-12-11,PORT001,0.0003442675271859415,1.072383849066597,0.0723838490665969,1.072383849066597,0.0
2023-12-12,PORT001,-0.004339353441049556,1.0677303965210239,0.06773039652102386,1.072383849066597,-0.0043393534410495205
2023-12-13,PORT001,0.0021812716538177385,1.0700594065688747,0.07005940656887466,1.072383849066597,-0.0021675470958887333
2023-12-14,PORT001,0.011963017656202612,1.0828605461428438,0.08286054614284377,1.0828605461428438,0.0
2023-12-15,PORT001,0.013794362002864161,1.0977979165149574,0.0977979165149574,1.0977979165149574,0.0
2023-12-18,PORT001,-0.0018448146640591453,1.095772682820397,0.09577268282039708,1.0977979165149574,-0.001844814664059058
2023-12-19,PORT001,0.0016887857530467724,1.097623208115722,0.097623208115722,1.0977979165149574,-0.00015914440773401317
2023-12-20,PORT001,-0.015032211829169126,1.0811235035427142,0.08112350354271425,1.0977979165149574,-0.015188963944454681
2023-12-21,PORT001,0.004106400243410585,1.085563029360819,0.08556302936081894,1.0977979165149574,-0.011144935666282718
2023-12-22,PORT001,0.007171950411714469,1.0933486335761853,0.09334863357618528,1.0977979165149574,-0.0040529161805086256
2023-12-26,PORT001,0.004135031897023694,1.0978696650505901,0.09786966505059014,1.0978696650505901,0.0
2023-12-27,PORT001,0.010684173332568261,1.1095994948485592,0.10959949484855924,1.1095994948485592,0.0
2023-12-28,PORT001,0.006371297543719083,1.1166690833845998,0.1166690833845998,1.1166690833845998,0.0
2023-12-29,PORT001,-0.0022834659815587754,1.1141192075200326,0.11411920752003257,1.1166690833845998,-0.0022834659815588187
2024-01-01,PORT001,0.0003265871387660484,1.114483064524261,0.11448306452426094,1.1166690833845998,-0.001957624593414087
2024-01-02,PORT001,-0.005477944264680985,1.1083779884128662,0.10837798841286617,1.1166690833845998,-0.007424845099681221
2024-01-03,PORT001,-0.0058434506017517275,1.1019012363895067,0.10190123638950666,1.1166690833845998,-0.013224908985867256
2024-01-04,PORT001,0.004983207743732245,1.107392239163511,0.10739223916351093,1.1166690833845998,-0.008307603711003586
2024-01-05,PORT001,0.0029366305775183088,1.110644241074345,0.1106442410743449,1.1166690833845998,-0.005395369496568936
2024-01-08,PORT001,-0.009057664677642059,1.1005843979625394,0.10058439796253937,1.1166690833845998,-0.01440416472649897
2024-01-09,PORT001,0.0021572315107762793,1.102958613306093,0.1029586133060929,1.1166690833845998,-0.012278006333757197
2024-01-10,PORT001,0.0020957440970120417,1.1052701323091776,0.10527013230917759,1.1166690833845998,-0.010207993796042314
2024-01-11,PORT001,0.0011656752008431387,1.106558518292643,0.10655851829264296,1.1166690833845998,-0.009054217800417597
2024-01-12,PORT001,0.011963673117377779,1.119797022690746,0.1197970226907461,1.119797022690746,0.0
2024-01-15,PORT001,0.011363032577633173,1.1325213127399179,0.13252131273991785,1.1325213127399179,0.0
2024-01-16,PORT001,-0.0033257497416841484,1.1287548302766213,0.12875483027662127,1.1325213127399179,-0.003325749741684203
2024-01-17,PORT001,-0.014608314100585988,1.112265625173387,0.1122656251733869,1.1325213127399179,-0.01788548024542358
2024-01-18,PORT001,-0.000859461872123059,1.1113096752768772,0.11130967527687718,1.1325213127399179,-0.01872957022921118
2024-01-19,PORT001,0.010339333137533773,1.1227998762285294,0.12279987622852939,1.1325213127399179,-0.008583888357799885
2024-01-23,PORT001,-0.017500334210081923,1.1031505031434916,0.10315050314349161,1.1325213127399179,-0.025934001652798244
2024-01-24,PORT001,0.011409597552716852,1.115737006424436,0.11573700642443607,1.1325213127399179,-0.01482030062187123
2024-01-25,PORT001,-0.006629186586057801,1.108340577627879,0.10834057762787896,1.1325213127399179,-0.021351240669845062
2024-01-29,PORT001,0.018370870301052084,1.128701758628874,0.1287017586288739,1.1325213127399179,-0.0033726112419052434
2024-01-30,PORT001,-0.010452444951330832,1.1169040656303353,0.11690406563033529,1.1325213127399179,-0.013789804159887842
2024-01-31,PORT001,0.01036339318888468,1.1284789816167262,0.12847898161672622,1.1325213127399179,-0.0035693201335098568
2024-02-01,PORT001,-0.0025664702648798146,1.125582773865865,0.12558277386586503,1.1325213127399179,-0.006126629844401266
2024-02-02,PORT001,0.007362473528574652,1.133869847242672,0.13386984724267204,1.133869847242672,0.0
2024-02-05,PORT001,-0.0038081418942176436,1.129551909974797,0.12955190997479704,1.133869847242672,-0.0038081418942176315
2024-02-06,PORT001,0.008712697058178127,1.139393353577894,0.13939335357789395,1.139393353577894,0.0
2024-02-07,PORT001,0.0007555561100196361,1.1402542291879054,0.14025422918790542,1.1402542291879054,0.0
2024-02-08,PORT001,-0.00786825622959761,1.1312824167457727,0.13128241674577268,1.1402542291879054,-0.007868256229597637
2024-02-09,PORT001,0.0020907874298383713,1.1336476878023019,0.13364768780230185,1.1402542291879054,-0.005793919650978863
2024-02-12,PORT001,-0.004708169177564989,1.1283102827003733,0.12831028270037326,1.1402542291879054,-0.010474810074625807
2024-02-13,PORT001,0.0056475313355192226,1.1346824503781123,0.13468245037811233,1.1402542291879054,-0.004886435557236557
2024-02-14,PORT001,0.003376628374772326,1.1385138513364153,0.13851385133641525,1.1402542291879054,-0.001526306859418236
2024-02-15,PORT001,0.004605078565195722,1.143756797069383,0.14375679706938294,1.143756797069383,0.0
2024-02-16,PORT001,0.007088138461319014,1.1518639036130855,0.15186390361308555,1.1518639036130855,0.0
2024-02-19,PORT001,0.003968119968938821,1.1564346377705124,0.15643463777051236,1.1564346377705124,0.0
2024-02-20,PORT001,0.00409639328896003,1.1611718488597964,0.1611718488597964,1.1611718488597964,0.0
2024-02-21,PORT001,-0.006513646173459572,1.1536083862897417,0.15360838628974172,1.1611718488597964,-0.00651364617345962
2024-02-22,PORT001,0.00842287681713532,1.1633250876226744,0.1633250876226744,1.1633250876226744,0.0
2024-02-23,PORT001,0.00044419096447599377,1.1638418261153445,0.16384182611534448,1.1638418261153445,0.0
2024-02-26,PORT001,-0.004238871331503031,1.15890845036422,0.15890845036421997,1.1638418261153445,-0.004238871331503025
2024-02-27,PORT001,0.004451704080908589,1.164067567842106,0.16406756784210597,1.164067567842106,0.0
2024-02-28,PORT001,-0.01080819211663943,1.1514861019321192,0.1514861019321192,1.164067567842106,-0.010808192116639526
2024-02-29,PORT001,0.0020814740953294456,1.1538828904244227,0.1538828904244227,1.164067567842106,-0.008749214993218235
2024-03-01,PORT001,0.015176832818711988,1.1713951781447665,0.17139517814476646,1.1713951781447665,0.0
2024-03-04,PORT001,0.002167055454440947,1.1739336564548708,0.1739336564548708,1.1739336564548708,0.0
2024-03-05,PORT001,-0.0013615763214979704,1.1723352561852323,0.17233525618523227,1.1739336564548708,-0.0013615763214980259
2024-03-06,PORT001,0.004697104359097151,1.1778418372273831,0.17784183722738311,1.1778418372273831,0.0
2024-03-07,PORT001,0.0002110825356285228,1.1780904590689545,0.1780904590689545,1.1780904590689545,0.0
2024-03-11,PORT001,-0.00691063752217493,1.1699491029379963,0.16994910293799625,1.1780904590689545,-0.006910637522174912
2024-03-12,PORT001,-0.00014910003466603398,1.1697746634861907,0.16977466348619075,1.1780904590689545,-0.007058707180546797
2024-03-13,PORT001,-0.014608886769340147,1.152685557881678,0.15268555788167792,1.1780904590689545,-0.021564474095948527
2024-03-14,PORT001,0.005992441310983729,1.1595929584373024,0.15959295843730237,1.1780904590689545,-0.015701256630387017
2024-03-15,PORT001,-0.006522391242194737,1.1520296394806802,0.15202963948068016,1.1780904590689545,-0.022121238133844368
2024-03-18,PORT001,0.0017832142455060233,1.1540839551450472,0.15408395514504725,1.1780904590689545,-0.02037747079530683
2024-03-19,PORT001,-0.012087411068191625,1.1401340679720047,0.14013406797200467,1.1780904590689545,-0.0322185709974655
2024-03-20,PORT001,0.002654344514152737,1.1431603765807248,0.14316037658072478,1.1780904590689545,-0.02964974567049372
2024-03-21,PORT001,0.007788396246309526,1.1520637625666157,0.1520637625666157,1.1780904590689545,-0.02209227339206843
2024-03-22,PORT001,0.004381454894876859,1.1571114779783234,0.15711147797832337,1.1780904590689545,-0.017807614796584326
2024-03-26,PORT001,-0.00574076951732287,1.150468767677401,0.15046876767740103,1.1780904590689545,-0.02344615490170665
2024-03-27,PORT001,0.006304091032240025,1.1577214275185883,0.1577214275185883,1.1780904590689545,-0.017289870564323073
2024-03-28,PORT001,0.009097060776562435,1.1682532897070534,0.16825328970705344,1.1780904590689545,-0.008350096791103212
2024-04-01,PORT001,0.00531676927009386,1.174464622897454,0.174464622897454,1.1780904590689545,-0.003077723059030646
2024-04-02,PORT001,-0.001083121925457325,1.1731925345137197,0.17319253451371974,1.1780904590689545,-0.004157511435162298
2024-04-03,PORT001,0.00022696435293117893,1.1734588073981793,0.17345880739817932,1.1780904590689545,-0.0039314906891237955
2024-04-04,PORT001,0.00366061146363514,1.1777543841606446,0.1777543841606446,1.1780904590689545,-0.0002852708853745556
2024-04-05,PORT001,-0.0024361672535282023,1.174885177497253,0.17488517749725307,1.1780904590689545,-0.0027207431713134334
2024-04-08,PORT001,0.007582774282592079,1.1837940666061777,0.1837940666061777,1.1837940666061777,0.0
2024-04-09,PORT001,-0.0028767641758769853,1.1803885702437493,0.18038857024374932,1.1837940666061777,-0.0028767641758770113
2024-04-10,PORT001,0.0056559606886327175,1.1870648015943592,0.18706480159435923,1.1870648015943592,0.0
2024-04-12,PORT001,-0.012340402400447741,1.1724159442672772,0.17241594426727724,1.1870648015943592,-0.012340402400447648
2024-04-15,PORT001,-0.010924113381652912,1.1596083395616439,0.15960833956164389,1.1870648015943592,-0.023129707827102886
2024-04-16,PORT001,-0.00587242798013878,1.1527986231023999,0.1527986231023999,1.1870648015943592,-0.028866308263825302
2024-04-18,PORT001,-0.00569606358220258,1.146232208847733,0.14623220884773303,1.1870648015943592,-0.034397947518773675
2024-04-19,PORT001,0.007086822377638492,1.1543553529153652,0.15435535291536517,1.1870648015943592,-0.027554897285355984
2024-04-22,PORT001,0.010400722758863406,1.1663614829062479,0.16636148290624786,1.1870648015943592,-0.017440765373806455
2024-04-23,PORT001,0.0016414120347080128,1.16827596268111,0.1682759626811099,1.1870648015943592,-0.015827980821277676
2024-04-24,PORT001,0.0005852823985912644,1.1689597340387643,0.1689597340387643,1.1870648015943592,-0.01525196226126646
2024-04-25,PORT001,0.007379533969926452,1.1775861121055797,0.17758611210557973,1.1870648015943592,-0.0079849806649549
2024-04-26,PORT001,-0.004661397983637569,1.1720969145770512,0.17209691457705123,1.1870648015943592,-0.012609157475821475
2024-04-29,PORT001,0.01181617539304767,1.1859466172973436,0.18594661729734363,1.1870648015943592,-0.0009419740990667114
2024-04-30,PORT001,-0.0013842237155342388,1.184305001864323,0.18430500186432308,1.1870648015943592,-0.0023248939117135325
2024-05-02,PORT001,0.002044184330380819,1.186725939591526,0.18672593959152595,1.1870648015943592,-0.00028546209303670356
2024-05-03,PORT001,-0.009840940222265945,1.1750474405597935,0.1750474405597935,1.1870648015943592,-0.010123593099909178
2024-05-06,PORT001,-0.0012711405574568596,1.1735537901011621,0.17355379010116212,1.1870648015943592,-0.011381865147589543
2024-05-07,PORT001,-0.002658247539704124,1.1704341936259153,0.17043419362591528,1.1870648015943592,-0.014009856872267856
2024-05-08,PORT001,-5.084095960831503e-05,1.170374687628353,0.17037468762835295,1.1870648015943592,-0.014059985557308807
2024-05-09,PORT001,-0.013781565875014112,1.1542450917723537,0.15424509177235368,1.1870648015943592,-0.027647782815163113
2024-05-10,PORT001,0.005586926806561947,1.1606937746169192,0.16069377461691925,1.1870648015943592,-0.022215322147553174
2024-05-13,PORT001,-0.00017842422583264745,1.1604866787287544,0.16048667872875444,1.1870648015943592,-0.02238978262173008
2024-05-14,PORT001,0.0059075013979934836,1.1673422554056974,0.16734225540569736,1.1870648015943592,-0.016614548895875214
2024-05-15,PORT001,-0.00046111705428659154,1.1668039739835403,0.1668039739835403,1.1870648015943592,-0.017068004698316708
2024-05-16,PORT001,0.009252028772498061,1.177599277922701,0.17759927792270092,1.1870648015943592,-0.007973889596376793
2024-05-17,PORT001,0.003949545732275495,1.1822502601251512,0.18225026012515122,1.1870648015943592,-0.004055837105726323
2024-05-21,PORT001,0.0006529731290315632,1.1830222377768034,0.18302223777680338,1.1870648015943592,-0.0034055123293406098
2024-05-22,PORT001,0.005402495357310662,1.1894135099239878,0.18941350992398776,1.1894135099239878,0.0
2024-05-23,PORT001,0.015663579066085308,1.2080439824789522,0.20804398247895217,1.2080439824789522,0.0
2024-05-24,PORT001,-0.001002579084043569,1.2068328228495142,0.2068328228495142,1.2080439824789522,-0.0010025790840434423
2024-05-27,PORT001,-0.0015409471126594024,1.2049731572956817,0.20497315729568166,1.2080439824789522,-0.002541981275358096
2024-05-28,PORT001,-0.0025633061388035693,1.201884442204492,0.2018844422044921,1.2080439824789522,-0.0050987715379537946
2024-05-29,PORT001,-0.007854931273313487,1.192443722512511,0.19244372251251107,1.2080439824789522,-0.012913652311258406
2024-05-30,PORT001,-0.010894627357616631,1.179452492510808,0.17945249251080808,1.2080439824789522,-0.02366759023911802
2024-05-31,PORT001,0.0002875985299466389,1.1797917013137962,0.17979170131379618,1.2080439824789522,-0.02338679847333147
2024-06-03,PORT001,0.03252528012496234,1.2181647568881333,0.2181647568881333,1.2181647568881333,0.0
2024-06-04,PORT001,-0.049810428978121844,1.1574874477815058,0.1574874477815058,1.2181647568881333,-0.049810428978121934
2024-06-05,PORT001,0.028414075639042947,1.1903763836740122,0.19037638367401222,1.2181647568881333,-0.022811670635676573
2024-06-06,PORT001,0.009755023899484976,1.2019885337461347,0.20198853374613468,1.2181647568881333,-0.013279175128429799
2024-06-07,PORT001,0.02526798181987046,1.2323603581645248,0.23236035816452483,1.2323603581645248,0.0
2024-06-10,PORT001,-0.0012231160762653053,1.2308530383987017,0.23085303839870175,1.2323603581645248,-0.0012231160762652404
2024-06-11,PORT001,0.0003842724841166874,1.23132602135335,0.2313260213533499,1.2323603581645248,-0.0008393136020015124
2024-06-12,PORT001,0.002145487509653001,1.233967815952474,0.23396781595247407,1.233967815952474,0.0
2024-06-13,PORT001,0.003782342820351163,1.2386351052616864,0.2386351052616864,1.2386351052616864,0.0
2024-06-14,PORT001,0.0019121247377101524,1.2410035300874533,0.24100353008745334,1.2410035300874533,0.0
2024-06-18,PORT001,0.002853752456088325,1.2445450469594548,0.24454504695945478,1.2445450469594548,0.0
2024-06-19,PORT001,-0.0046638053406479986,1.2387407311227683,0.23874073112276828,1.2445450469594548,-0.004663805340648031
2024-06-20,PORT001,5.741166659114034e-05,1.2388118492926166,0.23881184929261656,1.2445450469594548,-0.0046066614308939435
2024-06-21,PORT001,-0.0033771446740235825,1.2346282024536606,0.23462820245366056,1.2445450469594548,-0.00796824874280122
2024-06-24,PORT001,0.002574763268877919,1.2378070778000592,0.23780707780005916,1.2445450469594548,-0.005414001828103476
2024-06-25,PORT001,0.007157407105788068,1.2466665669743,0.2466665669743,1.2466665669743,0.0
2024-06-26,PORT001,0.008687821417199358,1.2574973834749656,0.25749738347496565,1.2574973834749656,0.0
2024-06-27,PORT001,0.011190815549552233,1.2715698047474784,0.2715698047474784,1.2715698047474784,0.0
2024-06-28,PORT001,-0.0006844563798235423,1.270699470682228,0.2706994706822281,1.2715698047474784,-0.0006844563798235059
2024-07-01,PORT001,0.006369353592588412,1.2787930049209182,0.2787930049209182,1.2787930049209182,0.0
2024-07-02,PORT001,-0.0008750689786402832,1.2776739728322097,0.27767397283220974,1.2787930049209182,-0.0008750689786402033
2024-07-03,PORT001,0.0045725034234898685,1.2835161414470888,0.2835161414470888,1.2835161414470888,0.0
2024-07-04,PORT001,0.0007720792835478501,1.2845071176699996,0.2845071176699996,1.2845071176699996,0.0
2024-07-05,PORT001,0.003706653655521668,1.2892683406732548,0.2892683406732548,1.2892683406732548,0.0
2024-07-08,PORT001,0.00023180443678297758,1.2895671987948267,0.28956719879482673,1.2895671987948267,0.0
2024-07-09,PORT001,0.006710261763451056,1.2982205322603004,0.29822053226030043,1.2982205322603004,0.0
2024-07-10,PORT001,-0.0043693376073704725,1.292548168466035,0.29254816846603493,1.2982205322603004,-0.004369337607370571
2024-07-11,PORT001,-0.0009405280037491168,1.291332490717398,0.291332490717398,1.2982205322603004,-0.005305756126742112
2024-07-12,PORT001,0.00963808407377533,1.30377846183013,0.30377846183013,1.30377846183013,0.0
2024-07-15,PORT001,0.0036116878538596043,1.3084873026648458,0.3084873026648458,1.3084873026648458,0.0
2024-07-16,PORT001,-0.00012953069129571483,1.30831781339998,0.30831781339998,1.3084873026648458,-0.0001295306912957317
2024-07-18,PORT001,0.008899207701107316,1.3199608053604852,0.3199608053604852,1.3199608053604852,0.0
2024-07-19,PORT001,-0.010993180406400727,1.3054502380977795,0.3054502380977795,1.3199608053604852,-0.010993180406400627
2024-07-22,PORT001,-0.0022828367606751183,1.3024701083050179,0.30247010830501786,1.3199608053604852,-0.013250921530727267
2024-07-23,PORT001,0.000506616232521096,1.3031299608042588,0.3031299608042588,1.3199608053604852,-0.012751018430149363
2024-07-24,PORT001,-0.0016965501913793206,1.3009191354198641,0.30091913541986415,1.3199608053604852,-0.014425935878770835
2024-07-25,PORT001,0.0013005648365393499,1.3026110651025724,0.3026110651025724,1.3199608053604852,-0.013144132907169537
2024-07-26,PORT001,0.01704081064821278,1.324808613611252,0.324808613611252,1.324808613611252,0.0
2024-07-29,PORT001,0.00058071970882432,1.3255779560835963,0.3255779560835963,1.3255779560835963,0.0
2024-07-30,PORT001,0.001714186026440288,1.327850243292872,0.32785024329287205,1.327850243292872,0.0
2024-07-31,PORT001,0.0037469541977555704,1.332825637335969,0.33282563733596904,1.332825637335969,0.0
2024-08-01,PORT001,0.0020149702770996944,1.3355112413797576,0.33551124137975763,1.3355112413797576,0.0
2024-08-02,PORT001,-0.013070343504741318,1.3180556507004806,0.3180556507004806,1.3355112413797576,-0.013070343504741455
2024-08-05,PORT001,-0.02727212053552411,1.2821094781220486,0.28210947812204856,1.3355112413797576,-0.039986008056763445
2024-08-06,PORT001,-0.001641407060776086,1.280005014571971,0.280005014571971,1.3355112413797576,-0.041561781801582875
2024-08-07,PORT001,0.011153008449635793,1.2942809213150686,0.29428092131506856,1.3355112413797576,-0.030872312255561973
2024-08-08,PORT001,-0.007519243460168119,1.28454890796185,0.28454890796184995,1.3355112413797576,-0.038159419283702145
2024-08-09,PORT001,0.010341534397444254,1.2978331146787367,0.29783311467873674,1.3355112413797576,-0.028212511833366816
2024-08-12,PORT001,-0.0017008919743700564,1.295625640749908,0.29562564074990805,1.3355112413797576,-0.0298654173727827
2024-08-13,PORT001,-0.005469066941371023,1.28853977738969,0.28853977738969006,1.3355112413797576,-0.035171148347309944
2024-08-14,PORT001,0.001331979885048959,1.2902560864542585,0.2902560864542585,1.3355112413797576,-0.03388601572439376
2024-08-16,PORT001,0.01665636415140772,1.3117470616788107,0.3117470616788107,1.3355112413797576,-0.017794069390531964
2024-08-19,PORT001,0.0008918152140134758,1.3129168976653531,0.31291689766535313,1.3355112413797576,-0.016918123198320312
2024-08-20,PORT001,0.004873255651407777,1.3193150773567295,0.3193150773567295,1.3355112413797576,-0.012127313886400093
2024-08-21,PORT001,0.0022921576829813967,1.3223391555475659,0.32233915554756587,1.3355112413797576,-0.009862953919117401
2024-08-22,PORT001,0.0005183902150701759,1.323024643226806,0.323024643226806,1.3355112413797576,-0.009349676562850462
2024-08-23,PORT001,0.0003904483886352874,1.3235412160668787,0.3235412160668787,1.3355112413797576,-0.00896287874036339
2024-08-26,PORT001,0.0069304460874464605,1.3327139471093434,0.33271394710934343,1.3355112413797576,-0.0020945494008154375
2024-08-27,PORT001,-0.0004160406394023052,1.3321594839466477,0.33215948394664774,1.3355112413797576,-0.002509718622545676
2024-08-28,PORT001,0.001171429666457961,1.3337200150865962,0.3337200150865962,1.3355112413797576,-0.0013412289149365986
2024-08-29,PORT001,0.004262680153386372,1.33940523692508,0.33940523692507996,1.33940523692508,0.0
2024-08-30,PORT001,0.0036218743868712613,1.3442563944463402,0.34425639444634015,1.3442563944463402,0.0
2024-09-02,PORT001,0.0002915572782872087,1.344648322182025,0.3446483221820249,1.344648322182025,0.0
2024-09-03,PORT001,-0.00021898651137112403,1.3443538623369293,0.34435386233692933,1.344648322182025,-0.0002189865113710887
2024-09-04,PORT001,-0.002884394353148091,1.3404762156477719,0.34047621564777186,1.344648322182025,-0.003102749221062351
2024-09-05,PORT001,-0.0021168842934306503,1.3376385826011499,0.3376385826011499,1.344648322182025,-0.005213065353400381
2024-09-06,PORT001,-0.011705727490250487,1.321980549872776,0.3219805498727759,1.344648322182025,-0.016857770121235016
2024-09-09,PORT001,0.0024931361722443984,1.3252764274006674,0.3252764274006674,1.344648322182025,-0.014406662665463199
2024-09-10,PORT001,0.005647401874836823,1.3327607959814471,0.33276079598144714,1.344648322182025,-0.008840621004373328
2024-09-11,PORT001,-0.006114114830746226,1.3246121434329,0.3246121434328999,1.344648322182025,-0.01490068326312366
2024-09-12,PORT001,0.019153631913592668,1.3499832768564888,0.3499832768564888,1.3499832768564888,0.0
2024-09-13,PORT001,-0.0003489154428586949,1.3495122468435927,0.3495122468435927,1.3499832768564888,-0.0003489154428585328
2024-09-16,PORT001,0.00016896958804611754,1.349740273372005,0.349740273372005,1.3499832768564888,-0.00018000481091118292
2024-09-17,PORT001,0.001731295718496707,1.3520770729283764,0.3520770729283764,1.3520770729283764,0.0
2024-09-18,PORT001,-0.004001347628741202,1.3466669425387392,0.3466669425387392,1.3520770729283764,-0.004001347628741159
2024-09-19,PORT001,0.002041545099808974,1.349416223836354,0.34941622383635407,1.3520770729283764,-0.0019679714605761456
2024-09-20,PORT001,0.014514572909211997,1.3690024240021004,0.36900242400210037,1.3690024240021004,0.0
2024-09-23,PORT001,0.005887507092034942,1.377062435482426,0.3770624354824259,1.377062435482426,0.0
2024-09-24,PORT001,-0.0009359305312818868,1.3757736007055765,0.3757736007055765,1.377062435482426,-0.0009359305312818256
2024-09-25,PORT001,0.0023044230995658173,1.3789439651708155,0.3789439651708155,1.3789439651708155,0.0
2024-09-26,PORT001,0.008934651962910998,1.3912643495759731,0.3912643495759731,1.3912643495759731,0.0
2024-09-27,PORT001,-0.0016749042449640383,1.388934115011001,0.38893411501100106,1.3912643495759731,-0.0016749042449640816
2024-09-30,PORT001,-0.013988757462647121,1.3695046525445156,0.3695046525445156,1.3912643495759731,-0.015640231878355393
2024-10-01,PORT001,-8.222096782289218e-07,1.3695035265245359,0.3695035265245359,1.3912643495759731,-0.015641041228483643
2024-10-03,PORT001,-0.02182607460187808,1.3396126403870763,0.3396126403870763,1.3912643495759731,-0.03712573329765778
2024-10-04,PORT001,-0.008691384206710099,1.3279695522413069,0.32796955224130686,1.3912643495759731,-0.04549444349232201
2024-10-07,PORT001,-0.007566646129726062,1.3179212765684463,0.31792127656844626,1.3912643495759731,-0.052716849267272714
2024-10-08,PORT001,0.006400162900858116,1.326356187428991,0.3263561874289911,1.3912643495759731,-0.04665408278934524
2024-10-09,PORT001,-0.0003438138796978163,1.3259001677623299,0.3259001677623299,1.3912643495759731,-0.04698185634783558
2024-10-10,PORT001,-0.00027922615958149476,1.325529941750497,0.3255299417504971,1.3912643495759731,-0.047247963944099025
2024-10-11,PORT001,-0.0014376947270152338,1.3236242343427416,0.32362423434274157,1.3912643495759731,-0.04861773052248963
2024-10-14,PORT001,0.0064683162909933735,1.3321858545408942,0.3321858545408942,1.3912643495759731,-0.0424638890898662
2024-10-15,PORT001,-0.00339505047105259,1.3276630163279055,0.3276630163279055,1.3912643495759731,-0.04571477251426148
2024-10-16,PORT001,-0.00348768288718634,1.3230325487459085,0.3230325487459085,1.3912643495759731,-0.04904301677165823
2024-10-17,PORT001,-0.006143213853476112,1.3149048768638527,0.3149048768638527,1.3912643495759731,-0.05488494888508655
2024-10-18,PORT001,0.004681064765656209,1.3210600317531296,0.3210600317531296,1.3912643495759731,-0.05046080411982112
2024-10-21,PORT001,-0.002724382477256466,1.3174609589512174,0.3174609589512174,1.3912643495759731,-0.05304771206654535
2024-10-22,PORT001,-0.012123872959149186,1.301488229656254,0.301488229656254,1.3912643495759731,-0.06452844130382618
2024-10-23,PORT001,-0.0033863770239347443,1.2970808998184244,0.29708089981842445,1.3912643495759731,-0.06769630069673938
2024-10-24,PORT001,-0.0006781961118600649,1.2962012245953998,0.29620122459539977,1.3912643495759731,-0.06832858544067955
2024-10-25,PORT001,-0.007442714691268104,1.2865539686982639,0.2865539686982639,1.3912643495759731,-0.07526274996525473
2024-10-28,PORT001,0.006986439453613197,1.29554240010438,0.29554240010438004,1.3912643495759731,-0.06880212915738626
2024-10-29,PORT001,0.0016198921289888105,1.2976410390410802,0.2976410390410802,1.3912643495759731,-0.06729368905587729
2024-10-30,PORT001,-0.0034382520329480715,1.2931794221005604,0.29317942210056036,1.3912643495759731,-0.07050056842562447
2024-10-31,PORT001,-0.005387752886568872,1.2862120909362866,0.28621209093628663,1.3912643495759731,-0.07550848167115332
2024-11-01,PORT001,0.0042207602684653355,1.2916408838265303,0.2916408838265303,1.3912643495759731,-0.07160642460205768
2024-11-04,PORT001,-0.010844916481363931,1.2776331463175163,0.27763314631751634,1.3912643495759731,-0.08167477538908341
2024-11-05,PORT001,0.006295224066120883,1.285676133247888,0.2856761332478881,1.3912643495759731,-0.07589371233458686
2024-11-06,PORT001,0.01320896504352888,1.3026585843492589,0.30265858434925885,1.3912643495759731,-0.06368722468430921
2024-11-07,PORT001,-0.010811018730667579,1.288575517994194,0.288575517994194,1.3912643495759731,-0.07380971963601057
2024-11-08,PORT001,-0.00015004275524160019,1.2883821765731374,0.28838217657313736,1.3912643495759731,-0.07394868777755426
2024-11-11,PORT001,-0.00035262649434675465,1.2879278588828336,0.28792785888283356,1.3912643495759731,-0.0742752380053685
2024-11-12,PORT001,-0.010173802188163468,1.2748247356139348,0.27482473561393483,1.3912643495759731,-0.08369337861458648
2024-11-13,PORT001,-0.010966485946436073,1.2608443880666556,0.26084438806665555,1.3912643495759731,-0.09374204230063587
2024-11-14,PORT001,-0.0022598468994368052,1.2579950727856108,0.25799507278561085,1.3912643495759731,-0.09579004653643275
2024-11-18,PORT001,-0.005064732467550039,1.2516236642964556,0.25162366429645555,1.3912643495759731,-0.10036962804522154
2024-11-19,PORT001,0.0038951340519321294,1.2564989062514609,0.2564989062514609,1.3912643495759731,-0.09686544714926804
2024-11-21,PORT001,-0.005004866703821734,1.2502102967121744,0.25021029671217443,1.3912643495759731,-0.10138551520190164
2024-11-22,PORT001,0.027354030689207526,1.2844085875364024,0.2844085875364024,1.3912643495759731,-0.07680478700696813
2024-11-25,PORT001,0.011856933813313148,1.2996377351480726,0.29963773514807257,1.3912643495759731,-0.06585852246974222
2024-11-26,PORT001,-0.0027026813477492896,1.2961252284824567,0.2961252284824567,1.3912643495759731,-0.0683832092172223
2024-11-27,PORT001,0.0008761735631487793,1.2972608591421833,0.29726085914218325,1.3912643495759731,-0.06756695121415279
2024-11-28,PORT001,-0.014733182207861982,1.278148078533314,0.2781480785333139,1.3912643495759731,-0.08130465721854696
2024-11-29,PORT001,0.010971974558330584,1.2921718867327605,0.2921718867327605,1.3912643495759731,-0.07122475529069205
2024-12-02,PORT001,0.007483295372379313,1.3018415906330665,0.3018415906330665,1.3912643495759731,-0.06427445579997848
2024-12-03,PORT001,0.006970030702045603,1.3109154664889786,0.3109154664889786,1.3912643495759731,-0.05775242002821612
2024-12-04,PORT001,-0.001286896932668379,1.3092284533961664,0.30922845339616645,1.3912643495759731,-0.05896499554869594
2024-12-05,PORT001,0.0116939782764745,1.3245385424891234,0.3245385424891234,1.3912643495759731,-0.047960552649240484
2024-12-06,PORT001,-0.0001463831928657811,1.3243446523082,0.3243446523082001,1.3912643495759731,-0.048099915223277834
2024-12-09,PORT001,-0.0029962104558602654,1.3203766370137915,0.3203766370137915,1.3912643495759731,-0.05095200821022017
2024-12-10,PORT001,-0.0013282684565277525,1.3186228223761098,0.31862282237610984,1.3912643495759731,-0.05221259872144557
2024-12-11,PORT001,0.0009834231229925217,1.3199195865501403,0.3199195865501403,1.3912643495759731,-0.05128052267534722
2024-12-12,PORT001,-0.004456986670540364,1.3140367225467011,0.3140367225467011,1.3912643495759731,-0.055508952739865225
2024-12-13,PORT001,0.010883514624847945,1.3283380604341255,0.3283380604341255,1.3912643495759731,-0.04522957061397148
2024-12-16,PORT001,-0.004169359524724,1.3227997414898012,0.3227997414898012,1.3912643495759731,-0.04921035179765687
2024-12-17,PORT001,-0.012685172335382003,1.3060197988038043,0.30601979880380425,1.3912643495759731,-0.06127128233980084
2024-12-18,PORT001,-0.004183525095417814,1.300556032200396,0.30055603220039595,1.3912643495759731,-0.06519847748792174
2024-12-19,PORT001,-0.009087818433567,1.2887368151170784,0.2887368151170784,1.3912643495759731,-0.07369378399593352
2024-12-20,PORT001,-0.015947350653419304,1.2681848772264355,0.26818487722643547,1.3912643495759731,-0.08846591403499238
2024-12-23,PORT001,0.005850510253838984,1.2756044058544125,0.2756044058544125,1.3912643495759731,-0.08313297451833024
2024-12-24,PORT001,-0.0011063290156777515,1.2741931676876894,0.2741931676876894,1.3912643495759731,-0.08414733111213868
2024-12-26,PORT001,0.000675669325529783,1.2750541009258958,0.2750541009258958,1.3912643495759731,-0.08352851755706647
2024-12-27,PORT001,0.003727091962197044,1.279806344816823,0.2798063448168231,1.3912643495759731,-0.08011274406127056
2024-12-30,PORT001,-0.007425965898416775,1.270302546543636,0.27030254654363595,1.3912643495759731,-0.08694379545425979
2024-12-31,PORT001,0.0005550128129075734,1.2710075807332366,0.2710075807332366,1.3912643495759731,-0.0864370375618323
2025-01-01,PORT001,0.005178438172629991,1.2775894149070077,0.2775894149070077,1.3912643495759731,-0.08170620824404151
2025-01-02,PORT001,0.019209564758212075,1.30213135150707,0.30213135150707005,1.3912643495759731,-0.06406618418424137
2025-01-03,PORT001,-0.00552248889924155,1.2949403455730177,0.29494034557301774,1.3912643495759731,-0.0692348682925088
2025-01-06,PORT001,-0.01591718913842252,1.2743285351695577,0.2743285351695577,1.3912643495759731,-0.0840500329373457
2025-01-07,PORT001,0.004040303959406889,1.2794772097957883,0.2794772097957883,1.3912643495759731,-0.08034931665880396
2025-01-08,PORT001,0.001679460861664281,1.2816260416930318,0.28162604169303185,1.3912643495759731,-0.0788047993297295
2025-01-09,PORT001,-0.006653384104101559,1.273098891359829,0.2730988913598289,1.3912643495759731,-0.08493386483464371
2025-01-10,PORT001,-0.0037734911042420446,1.2682948640184621,0.26829486401846214,1.3912643495759731,-0.08838685875548336
2025-01-13,PORT001,-0.014172568345944062,1.2503198683753507,0.2503198683753507,1.3912643495759731,-0.10130675830483205
2025-01-14,PORT001,0.0024374339067632362,1.2533674404168285,0.25336744041682846,1.3912643495759731,-0.09911625292574533
2025-01-15,PORT001,0.0032407386890421362,1.257429276772573,0.257429276772573,1.3912643495759731,-0.09619672411227254
2025-01-16,PORT001,0.0031488163277995597,1.2613886906103275,0.26138869061032755,1.3912643495759731,-0.0933508136000386
2025-01-17,PORT001,-0.002800370618514901,1.2578563347826155,0.2578563347826155,1.3912643495759731,-0.09588976734293342
2025-01-20,PORT001,0.0077330246456977815,1.2675833688202365,0.2675833688202365,1.3912643495759731,-0.08889826063136874
2025-01-21,PORT001,-0.01365423639780527,1.2502754858484386,0.2502754858484386,1.3912643495759731,-0.10133865916315965
2025-01-22,PORT001,0.006117694629861178,1.2579242894740605,0.25792428947406054,1.3912643495759731,-0.09584092350425832
2025-01-23,PORT001,0.00461776041522817,1.263733082463348,0.2637330824633479,1.3912643495759731,-0.091665733511747
2025-01-24,PORT001,-0.005031187672177164,1.257375004157936,0.2573750041579359,1.3912643495759731,-0.09623573367551874
2025-01-27,PORT001,-0.010882605778240061,1.2436914876722722,0.24369148767227222,1.3912643495759731,-0.10607104390238842
2025-01-28,PORT001,0.0038989958197507375,1.248540635583766,0.24854063558376605,1.3912643495759731,-0.10258561863940963
2025-01-29,PORT001,0.008843628500419642,1.2595822651325468,0.2595822651325468,1.3912643495759731,-0.09464921923972258
2025-01-30,PORT001,0.002311773381276758,1.2624941338846085,0.2624941338846085,1.3912643495759731,-0.09255625340404283
2025-01-31,PORT001,0.011853090270311013,1.277458590819281,0.27745859081928104,1.3912643495759731,-0.08180024076041159
2025-02-01,PORT001,-0.0018200721921310646,1.2751335239615318,0.2751335239615318,1.3912643495759731,-0.08347143060902518
2025-02-03,PORT001,-0.005017920449884416,1.2687350053753121,0.26873500537531214,1.3912643495759731,-0.08807049806027534
2025-02-04,PORT001,0.017843503765345707,1.2913736832209524,0.29137368322095236,1.3912643495759731,-0.0717984805586841
2025-02-05,PORT001,-0.00462608898553235,1.2853996736487976,0.2853996736487976,1.3912643495759731,-0.07609242338412592
2025-02-06,PORT001,-0.004489007164167462,1.2796295053049696,0.27962950530496955,1.3912643495759731,-0.0802398511145832
2025-02-07,PORT001,-0.0009014180221507666,1.278476024207212,0.27847602420721196,1.3912643495759731,-0.08106893948884453
2025-02-10,PORT001,-0.007179333122590951,1.2692974189401827,0.26929741894018266,1.3912643495759731,-0.08766625168894993
2025-02-11,PORT001,-0.014397353851837677,1.2510228948564766,0.25102289485647655,1.3912643495759731,-0.1008014434943576
2025-02-12,PORT001,-0.0007836757467008128,1.25004249855521,0.2500424985552101,1.3912643495759731,-0.10150612359455935
2025-02-13,PORT001,-0.00025770086534645045,1.2497203615216126,0.2497203615216126,1.3912643495759731,-0.10173766624401759
2025-02-14,PORT001,-0.004803039289888931,1.24371790552385,0.2437179055238501,1.3912643495759731,-0.10605205552567487
2025-02-17,PORT001,0.00033256811778149153,1.2441315264467412,0.2441315264467412,1.3912643495759731,-0.1057547569403865
2025-02-18,PORT001,-0.0004642392080615312,1.2435539518121792,0.2435539518121792,1.3912643495759731,-0.10616990064383725
2025-02-19,PORT001,-0.0028886226392231523,1.2399617937138792,0.23996179371387916,1.3912643495759731,-0.10875183850445647
2025-02-20,PORT001,-0.0003910732691040215,1.2394768778016474,0.2394768778016474,1.3912643495759731,-0.10910038183655557
2025-02-21,PORT001,-0.0075313720255490105,1.2301419163178573,0.2301419163178573,1.3912643495759731,-0.11581007829836398
2025-02-24,PORT001,-0.009924147442867433,1.2179338065646674,0.21793380656466743,1.3912643495759731,-0.12458490944882838
2025-02-25,PORT001,-0.0016351575144703655,1.2159422929487356,0.21594229294873557,1.3912643495759731,-0.12601635101242392
2025-02-27,PORT001,-0.003113227094809368,1.212156788456603,0.2121567884566029,1.3912643495759731,-0.12873726058887247
2025-02-28,PORT001,-0.024311534034201714,1.1826873974392516,0.18268739743925155,1.3912643495759731,-0.14991899433079792
2025-03-03,PORT001,0.001224121862952191,1.184135150939495,0.18413515093949506,1.3912643495759731,-0.14887839158647775
2025-03-04,PORT001,-0.002316307866552489,1.1813923293743127,0.1813923293743127,1.3912643495759731,-0.15084985126343875
2025-03-05,PORT001,0.013498691662218551,1.1973395801606468,0.1973395801606468,1.3912643495759731,-0.13938743523071684
2025-03-06,PORT001,0.009699069396676821,1.2089526598400127,0.20895265984001266,1.3912643495759731,-0.13104029424136765
2025-03-07,PORT001,0.0008677321559702376,1.2100017069380016,0.21000170693800158,1.3912643495759731,-0.13028626996243842
2025-03-10,PORT001,-0.003152387773147943,1.206187312351562,0.20618731235156207,1.3912643495759731,-0.13302794489114778
2025-03-11,PORT001,0.0005413147706526633,1.2068402393599116,0.20684023935991158,1.3912643495759731,-0.13255864011197438
2025-03-12,PORT001,-0.0027274083129158345,1.20354869325872,0.20354869325872005,1.3912643495759731,-0.13492450688790003
2025-03-13,PORT001,-0.003357890150539515,1.1995073089559318,0.19950730895593183,1.3912643495759731,-0.1378293353656943
2025-03-17,PORT001,0.003580916399294305,1.2038026443496457,0.20380264434964568,1.3912643495759731,-0.1347419742937147
2025-03-18,PORT001,0.00011275583641798106,1.2039383801236916,0.2039383801236916,1.3912643495759731,-0.13464441140130878
2025-03-19,PORT001,0.016461462397618115,1.2237569664971468,0.22375696649714683,1.3912643495759731,-0.1203993929190228
2025-03-20,PORT001,0.012747196074664128,1.2393564364968221,0.23935643649682214,1.3912643495759731,-0.10918695151316793
2025-03-21,PORT001,0.0065181755560952724,1.247434779326485,0.24743477932648505,1.3912643495759731,-0.10338047567547037
2025-03-24,PORT001,0.014443043108255626,1.2654515336190348,0.26545153361903484,1.3912643495759731,-0.09043056123394755
2025-03-25,PORT001,0.0005422354392419322,1.2661377062872061,0.2661377062872061,1.3912643495759731,-0.08993736044979728
2025-03-26,PORT001,-0.008873882476043265,1.2549021490831265,0.2549021490831265,1.3912643495759731,-0.0980131493590034
2025-03-27,PORT001,0.0032109747628640338,1.2589316082136963,0.2589316082136963,1.3912643495759731,-0.09511689234515996
2025-03-28,PORT001,-0.0044826554626355595,1.2532882515630526,0.25328825156305257,1.3912643495759731,-0.09917317155073557
2025-04-01,PORT001,-0.013952904561762403,1.2358012402006153,0.23580124020061533,1.3912643495759731,-0.11174232231476322
2025-04-02,PORT001,0.005033603663311704,1.2420217738504142,0.24202177385041423,1.3912643495759731,-0.10727118521440204
2025-04-03,PORT001,-0.002591216537050706,1.238803426490636,0.23880342649063602,1.3912643495759731,-0.10958443888237623
2025-04-04,PORT001,-0.01762972091241857,1.2169636678162583,0.2169636678162583,1.3912643495759731,-0.1252822167209544
2025-04-07,PORT001,-0.027498952495619473,1.183498441726084,0.1834984417260841,1.3912643495759731,-0.14933603949041852
2025-04-08,PORT001,0.01644292452375435,1.202958617277367,0.20295861727736697,1.3912643495759731,-0.13534863619268156
2025-04-09,PORT001,-0.006613934485367296,1.1950023277940864,0.19500232779408644,1.3912643495759731,-0.1410673836655867
2025-04-11,PORT001,0.016122227591620485,1.2142684272952988,0.21426842729529882,1.3912643495759731,-0.1272194765391773
2025-04-15,PORT001,0.019737451819053616,1.2382349918744378,0.23823499187443775,1.3912643495759731,-0.10999301300876096
2025-04-16,PORT001,0.002897617015112837,1.2418229226556012,0.24182292265560124,1.3912643495759731,-0.10741411361968578
2025-04-17,PORT001,0.014994654286291528,1.2604436280656142,0.26044362806561416,1.3912643495759731,-0.0940300968325899
2025-04-21,PORT001,0.011113549607175225,1.2744516308531693,0.27445163085316926,1.3912643495759731,-0.08396155537113115
2025-04-22,PORT001,0.00022016824650175404,1.2747322246339854,0.2747322246339854,1.3912643495759731,-0.08375987279304908
2025-04-23,PORT001,0.011173107375960771,1.2889749446554182,0.2889749446554182,1.3912643495759731,-0.07352262346960192
2025-04-24,PORT001,-0.002013142618043558,1.286380054260742,0.286380054260742,1.3912643495759731,-0.07538775456094848
2025-04-25,PORT001,-0.00692680478488792,1.2774695507457043,0.27746955074570434,1.3912643495759731,-0.0817923630868217
2025-04-28,PORT001,0.013014431692640369,1.2940950909533122,0.2940950909533122,1.3912643495759731,-0.06984241251655443
2025-04-29,PORT001,-0.0004971618915937039,1.2934517161899919,0.2934517161899919,1.3912643495759731,-0.07030485142222787
2025-04-30,PORT001,0.0005290893088602747,1.294136067664555,0.294136067664555,1.3912643495759731,-0.069812959658616
2025-05-02,PORT001,-0.0003776611387538947,1.2936473227635383,0.29364732276353833,1.3912643495759731,-0.07016425515552549
2025-05-05,PORT001,0.004341003959016169,1.2992630509132255,0.29926305091322547,1.3912643495759731,-0.06612783450592086
2025-05-06,PORT001,-0.00218967972983862,1.2964180809469126,0.2964180809469126,1.3912643495759731,-0.06817271545696368
2025-05-07,PORT001,0.0008562833279071099,1.2975281821356248,0.2975281821356248,1.3912643495759731,-0.06737480728872047
2025-05-08,PORT001,-0.003963043996449507,1.292386020863188,0.2923860208631881,1.3912643495759731,-0.07107084195963254
2025-05-09,PORT001,-0.006690102365181974,1.283739826088283,0.2837398260882831,1.3912643495759731,-0.07728547311692502
2025-05-12,PORT001,0.03561521132747923,1.3294604912839187,0.32946049128391874,1.3912643495759731,-0.044422800247049254
2025-05-13,PORT001,-0.013379629532138124,1.3116728024329256,0.3116728024329256,1.3912643495759731,-0.057208069169101705
2025-05-14,PORT001,0.002903962807709256,1.3154818514670745,0.3154818514670745,1.3912643495759731,-0.05447023646656035
2025-05-15,PORT001,0.014810677330010335,1.334965028702638,0.334965028702638,1.3912643495759731,-0.04046630023294562
2025-05-16,PORT001,-0.00185836523106291,1.3324841761086121,0.33248417610861214,1.3912643495759731,-0.04224946429862586
2025-05-19,PORT001,-0.00337015911645577,1.3279934924149666,0.32799349241496656,1.3912643495759731,-0.045477235997810284
2025-05-20,PORT001,-0.010715192445296253,1.313763786577639,0.31376378657763904,1.3912643495759731,-0.05570513110750985
2025-05-21,PORT001,0.004350757994366954,1.3194796548748013,0.31947965487480134,1.3912643495759731,-0.05159673265763631
2025-05-22,PORT001,-0.009726790799720284,1.3066453523073471,0.30664535230734713,1.3912643495759731,-0.06082165283284657
2025-05-23,PORT001,0.008806680625501091,1.3181525606159135,0.31815256061591346,1.3912643495759731,-0.052550609078959365
2025-05-26,PORT001,0.006599694765361128,1.3268519651701576,0.3268519651701576,1.3912643495759731,-0.04629773229325329
2025-05-27,PORT001,-0.008099022663178013,1.3161057610335622,0.31610576103356225,1.3912643495759731,-0.054021788573334395
2025-05-28,PORT001,-0.0031875236474781434,1.3119106427976857,0.31191064279768566,1.3912643495759731,-0.05703711649225596
2025-05-29,PORT001,0.0038491346883876426,1.316960363560943,0.31696036356094304,1.3912643495759731,-0.053407525347484275
2025-05-30,PORT001,-0.003189402121106717,1.3127600473839882,0.3127600473839882,1.3912643495759731,-0.05642658939396472
2025-06-02,PORT001,-0.0015908447706781082,1.3106716499274522,0.3106716499274522,1.3912643495759731,-0.0579276682199783
2025-06-03,PORT001,-0.006888864737338958,1.3016426102160372,0.3016426102160372,1.3912643495759731,-0.06441747708640033
2025-06-04,PORT001,0.003168784423321828,1.305767235044022,0.3057672350440219,1.3912643495759731,-0.061452817761059486
2025-06-05,PORT001,0.004798190372586809,1.3120325548200495,0.31203255482004955,1.3912643495759731,-0.05694948970702207
2025-06-06,PORT001,0.009090198016949873,1.3239591905480483,0.32395919054804834,1.3912643495759731,-0.04837697382847328
2025-06-09,PORT001,0.005307288508761916,1.3309858239461139,0.33098582394611387,1.3912643495759731,-0.0433264358769998
2025-06-10,PORT001,0.002518278538205422,1.3343376169812131,0.3343376169812131,1.3912643495759731,-0.04091726537240026
2025-06-11,PORT001,0.002193914748344304,1.3372650399583788,0.33726503995837875,1.3912643495759731,-0.03881311961601841
2025-06-12,PORT001,-0.010013193501920661,1.3238747463499219,0.32387474634992186,1.3912643495759731,-0.04843766984081077
2025-06-13,PORT001,-0.0057414692566255966,1.3162737601941308,0.3162737601941308,1.3912643495759731,-0.053901035705182676
2025-06-16,PORT001,0.007807983011095065,1.3265512033516769,0.32655120335167687,1.3912643495759731,-0.04651391106515412
2025-06-17,PORT001,-0.0025328782521719783,1.3231912106583148,0.3231912106583148,1.3912643495759731,-0.04892897524356565
2025-06-18,PORT001,-0.0014955984474881935,1.3212122479379242,0.32121224793792424,1.3912643495759731,-0.05035139559164237
2025-06-19,PORT001,0.0004579679089405822,1.321817320748379,0.321817320748379,1.3912643495759731,-0.04991648700605322
2025-06-20,PORT001,0.011074104996647263,1.3364552645447334,0.3364552645447334,1.3912643495759731,-0.03939516242757479
2025-06-23,PORT001,-0.0077743181752098645,1.3260652360912284,0.3260652360912284,1.3912643495759731,-0.04686321007550864
2025-06-24,PORT001,0.00201316645427661,1.3287348261407097,0.3287348261407097,1.3912643495759731,-0.044944387063695745
2025-06-25,PORT001,0.00975192317622926,1.3416925460868143,0.3416925460868143,1.3912643495759731,-0.03563075809731431
2025-06-26,PORT001,0.00856496980145241,1.3531841022268818,0.3531841022268818,1.3912643495759731,-0.027370964662968178
2025-06-27,PORT001,0.004461490977921232,1.3592213208904336,0.35922132089043357,1.3912643495759731,-0.023031588996947683
2025-06-30,PORT001,-0.005533191159977778,1.3517004894932294,0.3517004894932294,1.3912643495759731,-0.0284373419722872
2025-07-01,PORT001,0.0004307741023650549,1.3522827670582571,0.3522827670582571,1.3912643495759731,-0.028018817940384078
2025-07-02,PORT001,-0.0008296934497012136,1.351160786904285,0.351160786904285,1.3912643495759731,-0.028825264360371805
2025-07-03,PORT001,-0.001245897286492891,1.3494773793462653,0.3494773793462653,1.3912643495759731,-0.03003524832821569
2025-07-04,PORT001,0.0048607416870845,1.3560368402998313,0.3560368402998313,1.3912643495759731,-0.025320500224762066
2025-07-07,PORT001,0.0004615758401789646,1.3566627541437062,0.3566627541437062,1.3912643495759731,-0.024870611715748114
2025-07-08,PORT001,0.000987255398493433,1.3580021267716698,0.35800212677166976,1.3912643495759731,-0.023907909962934792
2025-07-09,PORT001,-0.0013888120522255825,1.3561161170510612,0.35611611705106117,1.3912643495759731,-0.025263518421660414
2025-07-10,PORT001,-0.004507239974540134,1.3500037762781705,0.3500037762781705,1.3912643495759731,-0.029656889656072827
2025-07-11,PORT001,-0.007274937214678613,1.3401825835661678,0.3401825835661678,1.3912643495759731,-0.036716074860520864
2025-07-14,PORT001,-0.004382606676907472,1.3343090904271555,0.3343090904271555,1.3912643495759731,-0.04093776942259486
2025-07-15,PORT001,0.0049116266357938166,1.3408627184960793,0.3408627184960793,1.3912643495759731,-0.03622721382550709
2025-07-16,PORT001,0.002549769644503089,1.3442816095531467,0.3442816095531467,1.3912643495759731,-0.0337698152311211
2025-07-17,PORT001,-0.0045755099820239484,1.338130835629985,0.338130835629985,1.3912643495759731,-0.03819081108646394
2025-07-18,PORT001,-0.004904582863087203,1.3315678620649858,0.3315678620649858,1.3912643495759731,-0.04290808395196899
2025-07-21,PORT001,0.0004977893157033219,1.3322307023198554,0.3322307023198554,1.3912643495759731,-0.042431653822014415
2025-07-22,PORT001,-0.003596548691965503,1.3274392697300308,0.3274392697300308,1.3912643495759731,-0.04587559500492833
2025-07-23,PORT001,0.005757528580965191,1.3350820392649971,0.33508203926499713,1.3912643495759731,-0.04038219647337271
2025-07-24,PORT001,-0.006128738470471903,1.3268996706097176,0.3268996706097176,1.3912643495759731,-0.04626344302279617
2025-07-25,PORT001,-0.008478152942530997,1.3156500122628945,0.31565001226289446,1.3912643495759731,-0.05434936741973173
2025-07-28,PORT001,-0.007372464601203913,1.3059504291199129,0.3059504291199129,1.3912643495759731,-0.06132114323353577
2025-07-29,PORT001,0.005815938711220122,1.313545756775566,0.31354575677556595,1.3912643495759731,-0.055861844533063865
2025-07-30,PORT001,0.0027698805158972643,1.3171841215739981,0.3171841215739981,1.3912643495759731,-0.05324669465192078
2025-07-31,PORT001,-0.0036982171608772357,1.312312888651558,0.31231288865155804,1.3912643495759731,-0.05674799397287633
2025-08-01,PORT001,-0.009240121469161363,1.3001869581548717,0.30018695815487173,1.3912643495759731,-0.06546375708459706
2025-08-04,PORT001,0.00722974217910059,1.3095869746469604,0.3095869746469604,1.3912643495759731,-0.0587073009912934
2025-08-05,PORT001,-0.0013596468692867955,1.307806398816823,0.3078063988168229,1.3912643495759731,-0.0599871266625831
2025-08-06,PORT001,-0.004202182635051442,1.3023107574777057,0.30231075747770575,1.3912643495759731,-0.06393723243564642
2025-08-07,PORT001,0.0011455352047437036,1.303802600297913,0.30380260029791306,1.3912643495759731,-0.06286493958155148
2025-08-08,PORT001,-0.008636611055815887,1.2925421643455786,0.29254216434557856,1.3912643495759731,-0.07095861060515418
2025-08-11,PORT001,0.009381775126143235,1.304668504272527,0.304668504272527,1.3912643495759731,-0.06224255320697225
2025-08-12,PORT001,-0.0004973622546219644,1.3040196114037077,0.3040196114037077,1.3912643495759731,-0.06270895836499779
2025-08-13,PORT001,0.00370545348634131,1.308851595419041,0.30885159541904095,1.3912643495759731,-0.05923587000705488
2025-08-14,PORT001,0.0011088399918035927,1.3103029024113775,0.3103029024113775,1.3912643495759731,-0.05819271311686447
2025-08-18,PORT001,0.010264236028170405,1.3237521606701246,0.3237521606701246,1.3912643495759731,-0.04852578083124515
2025-08-19,PORT001,0.005828792316275136,1.3314680370928913,0.3314680370928913,1.3912643495759731,-0.042979835213420414
2025-08-20,PORT001,0.004518092911990372,1.3374837333938223,0.3374837333938223,1.3912643495759731,-0.03865592919026639
2025-08-21,PORT001,0.001498825660114654,1.339488388333419,0.339488388333419,1.3912643495759731,-0.0372150420287376
2025-08-22,PORT001,-0.0076436055629059306,1.3292498674369058,0.32924986743690576,1.3912643495759731,-0.04457419048936895
2025-08-25,PORT001,0.005628779838639093,1.3367319222912484,0.3367319222912484,1.3912643495759731,-0.039196308955479986
2025-08-26,PORT001,-0.009002778018399136,1.3246976215247523,0.32469762152475234,1.3912643495759731,-0.04784621130521227
2025-08-28,PORT001,-0.006918445710759579,1.315532772947061,0.31553277294706095,1.3912643495759731,-0.054433635600591335
2025-08-29,PORT001,-0.0027775096695910576,1.3118788679495366,0.31187886794953656,1.3912643495759731,-0.05705995532095065
2025-09-01,PORT001,0.007204578829073367,1.3213304026678745,0.3213304026678745,1.3912643495759731,-0.05026646943797053
2025-09-02,PORT001,-0.0021493955916705647,1.3184903409252398,0.31849034092523976,1.3912643495759731,-0.05230782250182242
2025-09-03,PORT001,0.003513802202444101,1.3231232551890841,0.32312325518908414,1.3912643495759731,-0.04897781964129022
2025-09-04,PORT001,-0.0004414489108839897,1.3225391638691157,0.32253916386911574,1.3912643495759731,-0.049397647347036
2025-09-05,PORT001,-0.00030765550870453265,1.322132277409874,0.32213227740987405,1.3912643495759731,-0.04969010539741714
2025-09-08,PORT001,-0.0005445880760740531,1.321412259936604,0.32141225993660405,1.3912643495759731,-0.05020763283459284
2025-09-09,PORT001,0.007065887465966026,1.3307492102614638,0.33074921026146376,1.3912643495759731,-0.04349650685216866
2025-09-10,PORT001,0.004071338260659445,1.3361671404365436,0.3361671404365436,1.3912643495759731,-0.03960225758406155
2025-09-11,PORT001,0.0011124672635552902,1.3376535826389173,0.3376535826389173,1.3912643495759731,-0.03853384653563152
2025-09-12,PORT001,0.004072596714565139,1.343101306224799,0.34310130622479895,1.3912643495759731,-0.03461818263786687
2025-09-15,PORT001,-0.0025664153319405686,1.3396543504401541,0.33965435044015413,1.3912643495759731,-0.03709575333512183
2025-09-16,PORT001,0.008545884274680624,1.351102881487088,0.351102881487088,1.3912643495759731,-0.028866885075525373
2025-09-17,PORT001,0.004917816920575432,1.3577473580991035,0.3577473580991035,1.3912643495759731,-0.024091030210818598
2025-09-18,PORT001,0.002518377983833258,1.3611666791533483,0.3611666791533483,1.3912643495759731,-0.02163332254707595
2025-09-19,PORT001,-0.0034796917434380707,1.3564302386984555,0.35643023869845547,1.3912643495759731,-0.025037736996663784
2025-09-22,PORT001,-0.0072663522640231204,1.3465739387624995,0.34657393876249953,1.3912643495759731,-0.032122156243775124
2025-09-23,PORT001,-0.0006482120934472744,1.345701073250673,0.3457010732506729,1.3912643495759731,-0.0327495463670775
2025-09-24,PORT001,-0.004575373831725762,1.3395439877747966,0.33954398777479655,1.3912643495759731,-0.0371750787813544
2025-09-25,PORT001,-0.00846868433933951,1.3281998125836716,0.3281998125836716,1.3912643495759731,-0.04532893911320468
2025-09-26,PORT001,-0.008506710294105484,1.3169012015653372,0.3169012015653372,1.3912643495759731,-0.05345004925433483
2025-09-29,PORT001,-0.0014764737004047833,1.3149568315751945,0.3149568315751945,1.3912643495759731,-0.054847605362730256
2025-09-30,PORT001,-0.001346141970411142,1.3131867129949322,0.31318671299493217,1.3912643495759731,-0.05611991466958621
2025-10-01,PORT001,0.008325111379887633,1.3241191386432036,0.32411913864320363,1.3912643495759731,-0.0482620078299526
2025-10-03,PORT001,0.002863487518781341,1.327910737270088,0.327910737270088,1.3912643495759731,-0.04553671796822356
2025-10-06,PORT001,0.0072902509929480925,1.3375915398410176,0.33759153984101764,1.3912643495759731,-0.03857844107865893
2025-10-07,PORT001,9.692366369309147e-05,1.337721184113584,0.3377211841135841,1.3912643495759731,-0.03848525657881463
2025-10-08,PORT001,-0.002096904143455757,1.3349161110198278,0.33491611101982777,1.3912643495759731,-0.040501460828288316
2025-10-09,PORT001,0.005253682661879063,1.3419293366473555,0.3419293366473555,1.3912643495759731,-0.03546055998894382
2025-10-10,PORT001,0.004515673012929695,1.3479890507381125,0.3479890507381125,1.3912643495759731,-0.0311050152697796
2025-10-13,PORT001,-0.00369658454202809,1.3430060952503309,0.3430060952503309,1.3912643495759731,-0.034686617493181915
2025-10-14,PORT001,-0.01551335541274261,1.3221715643732328,0.3221715643732328,1.3912643495759731,-0.04966186708068687
2025-10-15,PORT001,0.005662659729218058,1.3296585720459262,0.3296585720459262,1.3912643495759731,-0.04428042560626455
2025-10-16,PORT001,0.010424512678477204,1.3435196146882649,0.34351961468826486,1.3912643495759731,-0.03431751478592826
2025-10-17,PORT001,0.004645907535251216,1.349761482589903,0.3497614825899029,1.3912643495759731,-0.029831043251211997
2025-10-20,PORT001,0.008289514173411224,1.3609503495305564,0.3609503495305564,1.3912643495759731,-0.021788813933639406
2025-10-21,PORT001,0.0008449132947598846,1.362100234574383,0.3621002345743829,1.3912643495759731,-0.020962310297449105
2025-10-23,PORT001,0.0031392714251532237,1.3663762369189767,0.3663762369189767,1.3912643495759731,-0.017888845254017904
2025-10-24,PORT001,-0.004968147691278876,1.3595878779721093,0.35958787797210934,1.3912643495759731,-0.02276811852004834
2025-10-27,PORT001,0.007533600712527686,1.3698304701783441,0.36983047017834414,1.3912643495759731,-0.015406043721426177
2025-10-28,PORT001,-0.0022675714596673974,1.366724281699585,0.36672428169958504,1.3912643495759731,-0.017638680876044366
2025-10-29,PORT001,0.0033153716818748,1.3712554806800625,0.37125548068006253,1.3912643495759731,-0.014381787977251648
2025-10-30,PORT001,-0.006985067915878869,1.3616771680174913,0.3616771680174913,1.3912643495759731,-0.021266398127357533
2025-10-31,PORT001,-0.0042375929879562265,1.3559069343984402,0.35590693439844023,1.3912643495759731,-0.025413872775730262
2025-11-03,PORT001,-0.0007512030330590762,1.3548883729967742,0.3548883729967742,1.3912643495759731,-0.026145984830478475
2025-11-04,PORT001,-0.0060482348439897995,1.3466936899294986,0.34669368992949856,1.3912643495759731,-0.03203608261798607
2025-11-06,PORT001,0.0005252117646958937,1.3474009892988912,0.3474009892988912,1.3912643495759731,-0.03152769658077603
2025-11-07,PORT001,-0.0031157493246521243,1.3432028255764477,0.34320282557644766,1.3912643495759731,-0.034545213506098627
2025-11-10,PORT001,0.00499309352200322,1.34990956290357,0.34990956290357,1.3912643495759731,-0.029724607465868802
2025-11-11,PORT001,0.004701752950578834,1.3562565041739665,0.3562565041739665,1.3912643495759731,-0.025162612276147467
2025-11-12,PORT001,0.007676004416854208,1.3666671350903932,0.36666713509039317,1.3912643495759731,-0.017679756182264472
2025-11-13,PORT001,0.000924807809477753,1.3679310395298812,0.36793103952988115,1.3912643495759731,-0.016771298749373886
2025-11-14,PORT001,0.0009275463917068422,1.369199859029701,0.369199859029701,1.3912643495759731,-0.015859308515306147
2025-11-17,PORT001,0.0019541347038924293,1.3718754599907956,0.37187545999079563,1.3912643495759731,-0.013936165036563142
2025-11-18,PORT001,-0.002897785144739381,1.3679000596624018,0.3679000596624018,1.3912643495759731,-0.016793566169284957
2025-11-19,PORT001,0.005470442574335354,1.3753830783862147,0.37538307838621465,1.3912643495759731,-0.011414991834297172
2025-11-20,PORT001,0.003980569884958739,1.3808578868483206,0.38085788684832056,1.3912643495759731,-0.007479860122071136
2025-11-21,PORT001,-0.001175611743500078,1.3792345341004368,0.37923453410043684,1.3912643495759731,-0.008646678454172108
2025-11-24,PORT001,-0.003757583400921673,1.3740519453091231,0.3740519453091231,1.3912643495759731,-0.012371771239661267
2025-11-25,PORT001,-0.0032877984245316405,1.3695343394881112,0.3695343394881112,1.3912643495759731,-0.015618893774202447
2025-11-26,PORT001,0.011894086400590056,1.385823699250558,0.3858236992505579,1.3912643495759731,-0.003910579845644246
2025-11-27,PORT001,-0.00036402756043801783,1.3853192212301226,0.38531922123012263,1.3912643495759731,-0.00427318384724118
2025-11-28,PORT001,0.0007422422667048439,1.3863474637089983,0.3863474637089983,1.3912643495759731,-0.003534113318201082
2025-12-01,PORT001,5.6399010549653226e-05,1.3864256523342293,0.3864256523342293,1.3912643495759731,-0.003477913628145868
2025-12-02,PORT001,-0.003127988409578816,1.382088928962985,0.38208892896298496,1.3912643495759731,-0.006595023164206459
2025-12-03,PORT001,-0.0014483813070864417,1.380087137193544,0.3800871371935439,1.3912643495759731,-0.00803385236302201
2025-12-04,PORT001,0.002605544675618759,1.3836830158857485,0.3836830158857485,1.3912643495759731,-0.005449240248652454
2025-12-05,PORT001,0.0037389730662643044,1.3888565694143926,0.3888565694143926,1.3912643495759731,-0.0017306417449094447
2025-12-08,PORT001,-0.00599133088069728,1.380535470161201,0.38053547016120093,1.3912643495759731,-0.007711603778277065
2025-12-09,PORT001,-0.00655272644547608,1.3714891988769577,0.37148919887695775,1.3912643495759731,-0.014213798193738247
2025-12-10,PORT001,-0.001826677886036535,1.3689839298864313,0.36898392988643125,1.3912643495759731,-0.016014512048937668
2025-12-11,PORT001,0.005014556628451724,1.375848777326287,0.3758487773262871,1.3912643495759731,-0.011080261098032396
2025-12-12,PORT001,0.005202836929041494,1.383007094153737,0.3830070941537369,1.3912643495759731,-0.005935072960615129
2025-12-15,PORT001,-6.845457981009764e-05,1.3829124209842323,0.3829124209842323,1.3912643495759731,-0.006003121257499577
2025-12-16,PORT001,-0.005681450040025904,1.375055473154679,0.3750554731546789,1.3912643495759731,-0.011650464864016885
2025-12-17,PORT001,0.00037325182502464155,1.375568715119544,0.3755687151195439,1.3912643495759731,-0.011281561596265255
2025-12-18,PORT001,-0.0003687473380381813,1.375061477817555,0.37506147781755494,1.3912643495759731,-0.01164614888849591
2025-12-19,PORT001,0.005545760326844773,1.3826872392082081,0.38268723920820813,1.3912643495759731,-0.00616497531211746
2025-12-22,PORT001,0.008477875687327214,1.394409489736669,0.394409489736669,1.394409489736669,0.0
2025-12-23,PORT001,-0.0003818869276195573,1.39387698298079,0.39387698298079,1.394409489736669,-0.0003818869276195347
2025-12-24,PORT001,-0.0024126375195125276,1.3905140630740658,0.3905140630740658,1.394409489736669,-0.002793603092402175
2025-12-26,PORT001,-0.0031741160042880034,1.386100410132275,0.3861004101322749,1.394409489736669,-0.00595885187640488
2025-12-29,PORT001,-0.0035877968160021633,1.381127363494143,0.381127363494143,1.394409489736669,-0.009525269542617898
2025-12-30,PORT001,-3.926595198809031e-05,1.3810731322133987,0.38107313221339867,1.394409489736669,-0.009564161475829391
2025-12-31,PORT001,0.0068632527668850704,1.3905517862093328,0.39055178620933284,1.394409489736669,-0.002766549966656262
2026-01-01,PORT001,0.000302141098506676,1.3909719290535485,0.3909719290535485,1.394409489736669,-0.002465244756595597
2026-01-02,PORT001,0.005883664426328788,1.3991559411105428,0.39915594111054276,1.3991559411105428,0.0
2026-01-05,PORT001,-0.0016171303611062246,1.3968933235582508,0.3968933235582508,1.3991559411105428,-0.0016171303611062227
2026-01-06,PORT001,-0.0017300684799449679,1.3944766024493171,0.39447660244931715,1.3991559411105428,-0.0033444010947853986
2026-01-07,PORT001,-0.0008517512217862777,1.3932888552994285,0.3932888552994285,1.3991559411105428,-0.00419330371885307
2026-01-08,PORT001,-0.013075934506941177,1.3750703014782821,0.37507030147828213,1.3991559411105428,-0.017214406860998843
2026-01-09,PORT001,-0.006456422606321097,1.366192266498537,0.3661922664985371,1.3991559411105428,-0.0235596859817081
2026-01-12,PORT001,0.004181851999150724,1.3719054803594184,0.3719054803594184,1.3991559411105428,-0.019476357102479303
2026-01-13,PORT001,-0.004499583032099042,1.3657324777383495,0.3657324777383495,1.3991559411105428,-0.023888304648632896
2026-01-14,PORT001,-0.003664213835608176,1.360728141897681,0.3607281418976811,1.3991559411105428,-0.02746498662783836
2026-01-15,PORT001,0.0,1.360728141897681,0.3607281418976811,1.3991559411105428,-0.02746498662783836
2026-01-16,PORT001,0.004377962639900096,1.3666853588659698,0.36668535886596976,1.3991559411105428,-0.023207264673300365
2026-01-19,PORT001,-0.005188645329051686,1.3595941132624065,0.35959411326240653,1.3991559411105428,-0.0282754957369048
2026-01-20,PORT001,-0.014523808156076424,1.3398476291912524,0.33984762919125244,1.3991559411105428,-0.04238863601738052
2026-01-21,PORT001,-0.0019584689766712115,1.337223579176015,0.337223579176015,1.3991559411105428,-0.044264088165448245
2026-01-22,PORT001,0.006887512559592751,1.3464337233725734,0.3464337233725734,1.3991559411105428,-0.037681445069033925
2026-01-23,PORT001,-0.0061966615704831425,1.338090329261748,0.3380903292617481,1.3991559411105428,-0.043644607476937436
2026-01-27,PORT001,0.002097419716767612,1.3408968663011578,0.3408968663011578,1.3991559411105428,-0.04163872882042252
2026-01-28,PORT001,0.00276255748528999,1.34460117097616,0.34460117097616005,1.3991559411105428,-0.03899120071711326
2026-01-29,PORT001,0.0011103752166666827,1.346094182792713,0.3460941827927131,1.3991559411105428,-0.03792412036339088
2026-01-30,PORT001,-0.0011347715066690994,1.3445666734687869,0.3445666734687869,1.3991559411105428,-0.039015856658856096
2026-02-02,PORT001,-0.0047128630561983145,1.3382299148668004,0.33822991486680043,1.3991559411105428,-0.043544843325600935
2026-02-03,PORT001,0.023512756976037837,1.3696953896331272,0.3696953896331272,1.3991559411105428,-0.021055945668237652
2026-02-04,PORT001,-0.0015425605831447947,1.367582551514164,0.36758255151416397,1.3991559411105428,-0.022566026179553833
2026-02-05,PORT001,-0.004891065999662658,1.3608936149947213,0.3608936149947213,1.3991559411105428,-0.027346720255822077
2026-02-06,PORT001,0.00359644332093601,1.3657879917468736,0.3657879917468736,1.3991559411105428,-0.023848627864299532
2026-02-09,PORT001,0.007799938480108943,1.3764410540593706,0.37644105405937056,1.3991559411105428,-0.01623470721436726
2026-02-10,PORT001,0.0027492743873291027,1.3802252681949645,0.3802252681949645,1.3991559411105428,-0.013530066491768244
2026-02-11,PORT001,-2.3336169021223986e-05,1.3801930590248186,0.3801930590248186,1.3991559411105428,-0.013553086920870983
2026-02-12,PORT001,-0.010348993942415655,1.3659094494176067,0.3659094494176067,1.3991559411105428,-0.02376182004884142
2026-02-13,PORT001,-0.012278936861470807,1.3491375335297215,0.34913753352972154,1.3991559411105428,-0.03574898702221885
2026-02-16,PORT001,0.006289947080138591,1.357623537219452,0.35762353721945206,1.3991559411105428,-0.02968389917861869
2026-02-17,PORT001,0.0042899059593180435,1.3634476145222802,0.36344761452228025,1.3991559411105428,-0.02552133435528281
2026-02-18,PORT001,0.0028260425719890208,1.367300775525597,0.36730077552559703,1.3991559411105428,-0.02276741616067579
2026-02-19,PORT001,-0.014512573037416727,1.3474577231566653,0.34745772315666534,1.3991559411105428,-0.03694957540818744
2026-02-20,PORT001,0.004862174796874741,1.3540092981380518,0.3540092981380518,1.3991559411105428,-0.032267055905617625
2026-02-23,PORT001,0.005609552429772202,1.3616046842863563,0.3616046842863563,1.3991559411105428,-0.026838507217702423
2026-02-24,PORT001,-0.012351074014756746,1.344787404051896,0.3447874040518959,1.3991559411105428,-0.03885809684336783
2026-02-25,PORT001,0.002511475439223014,1.3481648045881487,0.3481648045881487,1.3991559411105428,-0.03644421255998187
2026-02-26,PORT001,0.0011820223619475679,1.3497583655347627,0.3497583655347627,1.3991559411105428,-0.035305268072243656
2026-02-27,PORT001,-0.012385244906261245,1.3330412776133398,0.3330412776133398,1.3991559411105428,-0.047253248586948904
2026-03-02,PORT001,-0.013605311041817175,1.314904836399829,0.314904836399829,1.3991559411105428,-0.06021566448400428
2026-03-04,PORT001,-0.014325603809761868,1.2960680306660253,0.2960680306660253,1.3991559411105428,-0.0736786425412268
2026-03-05,PORT001,0.011453381918000514,1.310912392812954,0.310912392812954,1.3991559411105428,-0.0630691302554508
2026-03-06,PORT001,-0.010539617273729497,1.2970958779133164,0.2970958779133164,1.3991559411105428,-0.07294402303450098
2026-03-09,PORT001,-0.016532880074489775,1.2756511473186605,0.27565114731866047,1.3991559411105428,-0.08827092832401062
2026-03-10,PORT001,0.008947983237480417,1.2870656524017405,0.28706565240174053,1.3991559411105428,-0.08011279187353026
2026-03-11,PORT001,-0.015397917594143443,1.267247521547806,0.26724752154780607,1.3991559411105428,-0.09427713930016823
2026-03-12,PORT001,-0.011409879611439522,1.2527883798890505,0.25278837988905045,1.3991559411105428,-0.10461132810208196
2026-03-13,PORT001,-0.020351609243456123,1.2272921203168061,0.22729212031680612,1.3991559411105428,-0.12283392847356545
2026-03-16,PORT001,0.010019537792831228,1.2395890200991642,0.23958902009916416,1.3991559411105428,-0.11404512986931725
2026-03-17,PORT001,0.004496442192243864,1.24516276047018,0.24516276047018004,1.3991559411105428,-0.11006148501083779
2026-03-18,PORT001,0.009821038198806217,1.2573915515044887,0.25739155150448867,1.3991559411105428,-0.10132136486054044
2026-03-19,PORT001,-0.03067272478052972,1.2188239265038283,0.21882392650382831,1.3991559411105428,-0.1288862873023151
2026-03-20,PORT001,0.008690728824950656,1.2294163947344348,0.22941639473443476,1.3991559411105428,-0.12131567424956347
2026-03-23,PORT001,-0.022487883741968976,1.2017694217791761,0.20176942177917612,1.3991559411105428,-0.1410754252129297
2026-03-24,PORT001,0.017079844765685408,1.2222954569473121,0.22229545694731212,1.3991559411105428,-0.12640512681013405
2026-03-25,PORT001,0.016558795810723854,1.242535197839278,0.24253519783927802,1.3991559411105428,-0.11193944768368791
2026-03-27,PORT001,-0.019030831605479144,1.218888719725318,0.21888871972531798,1.3991559411105428,-0.1288399785102885
2026-03-30,PORT001,-0.02008119365264852,1.194411979303485,0.19441197930348508,1.3991559411105428,-0.14633391160426878
2026-04-01,PORT001,0.013076024960737252,1.2100301401582612,0.21003014015826116,1.3991559411105428,-0.13517135252427115
2026-04-02,PORT001,0.002198317681596594,1.2126901708106357,0.21269017081063568,1.3991559411105428,-0.13327018441697414
2026-04-06,PORT001,0.010064531525383813,1.2248953292652824,0.22489532926528244,1.3991559411105428,-0.12454695486404865
2026-04-07,PORT001,0.007357353376793772,1.2339073170522712,0.2339073170522712,1.3991559411105428,-0.11810593744619335
2026-04-08,PORT001,0.03560370745623012,1.277838992196702,0.27783899219670194,1.3991559411105428,-0.08670723923564139
2026-04-09,PORT001,-0.008182116459004475,1.2673835647466916,0.26738356474669156,1.3991559411105428,-0.09417990696538114
2026-04-10,PORT001,0.009633654167072514,1.2795930997064928,0.2795930997064928,1.3991559411105428,-0.08545354945150008
2026-04-13,PORT001,-0.009206953799265453,1.2678119451556362,0.2678119451556362,1.3991559411105428,-0.09387373636898233
2026-04-15,PORT001,0.018243144560759934,1.290940821746969,0.2909408217469689,1.3991559411105428,-0.0773431439512604
2026-04-16,PORT001,-0.0012978024446466709,1.2892654355926114,0.2892654355926114,1.3991559411105428,-0.07854057027461048
2026-04-17,PORT001,0.006943094613574189,1.298216927493942,0.2982169274939419,1.3991559411105428,-0.07214279027145698
2026-04-20,PORT001,-0.0005724176087185229,1.297473805264708,0.2974738052647079,1.3991559411105428,-0.07267391207668206
2026-04-21,PORT001,0.007091038623838368,1.3066742421312585,0.3066742421312585,1.3991559411105428,-0.06609820697032487
2026-04-22,PORT001,-0.006392971379185938,1.298320711099394,0.29832071109939395,1.3991559411105428,-0.07206861440413392
2026-04-23,PORT001,-0.006519174190220151,1.2898567322289665,0.28985673222896646,1.3991559411105428,-0.07811796074340571
2026-04-24,PORT001,-0.015360938138543985,1.270043322757613,0.2700433227576129,1.3991559411105428,-0.09227893371946105
2026-04-27,PORT001,0.012087211017820171,1.2853946044015576,0.2853946044015576,1.3991559411105428,-0.0813071176460074
2026-04-28,PORT001,-0.004779174005166702,1.2792514799218202,0.2792514799218202,1.3991559411105428,-0.0856977107880853
2026-04-29,PORT001,0.010494980228699257,1.292677198911134,0.2926771989111341,1.3991559411105428,-0.07610212633975166
2026-04-30,PORT001,-0.006583774384403046,1.284166503881641,0.284166503881641,1.3991559411105428,-0.08218486149416049
2026-05-01,PORT001,0.0,1.284166503881641,0.284166503881641,1.3991559411105428,-0.08218486149416049
2026-05-04,PORT001,0.002656581813397372,1.2875779972612271,0.2875779972612271,1.3991559411105428,-0.07974661048914511
2026-05-05,PORT001,-0.0021817207648804817,1.2847688616081991,0.28476886160819914,1.3991559411105428,-0.08175434641799251
2026-05-06,PORT001,0.009744837895836751,1.2972887258981898,0.2972887258981898,1.3991559411105428,-0.0728061913752791
2026-05-07,PORT001,-0.002266204350567102,1.2943488045436176,0.29434880454361756,1.3991559411105428,-0.07490740201820345
2026-05-08,PORT001,-0.004381635401279021,1.288677440000026,0.28867744000002604,1.3991559411105428,-0.07896082049498165
2026-05-11,PORT001,-0.015103332443597777,1.2692141162111412,0.2692141162111412,1.3991559411105428,-0.09287158141662444
2026-05-12,PORT001,-0.02037788073472694,1.2433502223241588,0.24335022232415882,1.3991559411105428,-0.1113569361415978
2026-05-13,PORT001,-0.0010621271605925206,1.2420296262828996,0.2420296262828996,1.3991559411105428,-0.11230078807579402
2026-05-14,PORT001,0.007603673956263776,1.2514736146051748,0.2514736146051748,1.3991559411105428,-0.10555101269709011
2026-05-15,PORT001,0.0030067405584868374,1.2552364710800843,0.2552364710800843,1.3991559411105428,-0.10286163664946901
2026-05-18,PORT001,0.0018338629251045701,1.2575384027066372,0.2575384027066372,1.3991559411105428,-0.10121640786623143
2026-05-19,PORT001,0.0006336095519939779,1.2583351910505913,0.25833519105059133,1.3991559411105428,-0.10064692999708003
2026-05-20,PORT001,0.002050648390493777,1.260915594084821,0.2609155940848209,1.3991559411105428,-0.09880267307159296
2026-05-21,PORT001,-0.002485153917283699,1.257782024756817,0.257782024756817,1.3991559411105428,-0.10104228713885455
2026-05-22,PORT001,0.002276986064402974,1.2606459768992448,0.26064597689924485,1.3991559411105428,-0.09899537295418215
2026-05-25,PORT001,0.013455531088908684,1.2776086380335203,0.2776086380335203,1.3991559411105428,-0.08687187718371658
2026-05-26,PORT001,-0.004797809962795561,1.2714789145814094,0.2714789145814094,1.3991559411105428,-0.0912528923886734
2026-05-27,PORT001,0.0007456806603580958,1.2724270318180657,0.2724270318180657,1.3991559411105428,-0.0905752572453713
2026-05-28,PORT001,0.0,1.2724270318180657,0.2724270318180657,1.3991559411105428,-0.0905752572453713
2026-05-29,PORT001,-0.012613324364545406,1.2563774969355286,0.2563774969355286,1.3991559411105428,-0.10204612651087885
2026-06-01,PORT001,-0.007265795439656034,1.247248915047808,0.2472489150478081,1.3991559411105428,-0.10857047566989741
2026-06-02,PORT001,0.006278122337060344,1.2550792963212438,0.2550792963212438,1.3991559411105428,-0.10297397206128567
2026-06-03,PORT001,-0.007922163834026073,1.2451363525110928,0.24513635251109278,1.3991559411105428,-0.11008035921800186
2026-06-04,PORT001,8.980687491257289e-05,1.245248174315752,0.24524817431575197,1.3991559411105428,-0.11000043831613981
2026-06-05,PORT001,-0.0015138693360449498,1.2433630312888895,0.24336303128888948,1.3991559411105428,-0.11134778136166634
2026-06-08,PORT001,-0.01104512386991356,1.2296299325930324,0.22962993259303244,1.3991559411105428,-0.12116305519380033
2026-06-09,PORT001,0.003396905535576361,1.233806869317768,0.23380686931776795,1.3991559411105428,-0.11817772911111923
2026-06-10,PORT001,-2.834219757210231e-05,1.2337719005197119,0.23377190051971186,1.3991559411105428,-0.11820272189214431
2026-06-11,PORT001,-0.0025514700224906414,1.2306239685009446,0.23062396850094458,1.3991559411105428,-0.12045260121315027
2026-06-12,PORT001,0.020047533306651648,1.2552949434974312,0.2552949434974312,1.3991559411105428,-0.10281984544119205
2026-06-15,PORT001,0.010260117780169166,1.2681744174665657,0.2681744174665657,1.3991559411105428,-0.09361467138538826
2026-06-16,PORT001,0.006520551868602206,1.276443614534091,0.27644361453409094,1.3991559411105428,-0.08770453883721652
2026-06-17,PORT001,0.0005134028999081216,1.277098944387362,0.27709894438736193,1.3991559411105428,-0.08723616370188259
2026-06-18,PORT001,0.0005013663802607063,1.277739238862344,0.2777392388623441,1.3991559411105428,-0.08677853460124496
2026-06-19,PORT001,-0.007981698576036447,1.2675407093989706,0.26754070939897057,1.3991559411105428,-0.09406759307122414
2026-06-22,PORT001,0.0036971979517276183,1.2722270583134916,0.2722270583134916,1.3991559411105428,-0.09071818163192358
2026-06-23,PORT001,-0.010177569775235309,1.2592788786575637,0.2592788786575637,1.3991559411105428,-0.09997246078371747
2026-06-24,PORT001,0.008118644801651715,1.2695025165796068,0.2695025165796068,1.3991559411105428,-0.09266545688111583
2026-06-25,PORT001,0.0020504166690754957,1.272105525701035,0.27210552570103497,1.3991559411105428,-0.09080504300947678
2026-06-26,PORT001,0.0,1.272105525701035,0.27210552570103497,1.3991559411105428,-0.09080504300947678
2026-06-29,PORT001,-0.006390967930204519,1.2639755400824437,0.2639755400824437,1.3991559411105428,-0.09661567882190691
2026-06-30,PORT001,-0.00538026812202581,1.2571750127771177,0.25717501277711774,1.3991559411105428,-0.10147612868707934
2026-07-01,PORT001,0.004341236690640621,1.2626327070691423,0.2626327070691423,1.3991559411105428,-0.09757542388951923
2026-07-02,PORT001,0.009025524483060085,1.2740286294799075,0.27402862947990747,1.3991559411105428,-0.08943056878371891
2026-07-03,PORT001,0.0034317868051249867,1.278400824119908,0.2784008241199081,1.3991559411105428,-0.0863056886245207
2026-07-06,PORT001,0.00255438565751287,1.2816663528495928,0.28166635284959285,1.3991559411105428,-0.08397176098019188
2026-07-07,PORT001,0.0010930750862693586,1.2830673104088026,0.2830673104088026,1.3991559411105428,-0.08297047333380003
2026-07-08,PORT001,-0.02110984947926903,1.2559819526143021,0.2559819526143021,1.3991559411105428,-0.10232882860976888
2026-07-09,PORT001,0.0001615007586092058,1.2561847946524487,0.2561847946524487,1.3991559411105428,-0.10218385403460784
2026-07-10,PORT001,0.010493969867007843,1.269367160034925,0.269367160034925,1.3991559411105428,-0.09276219845273381
2026-07-13,PORT001,0.0038901605025127273,1.2743052020240797,0.2743052020240797,1.3991559411105428,-0.08923289779076815
2026-07-14,PORT001,-0.006636262426861447,1.2658485782915332,0.2658485782915332,1.3991559411105428,-0.09527698729078071
2026-07-15,PORT001,-0.00018238771428792736,1.265617703062704,0.26561770306270405,1.3991559411105428,-0.09544199765313244
2026-07-16,PORT001,0.00202444624846011,1.2681798780736542,0.2681798780736542,1.3991559411105428,-0.0936107685987666
2026-07-17,PORT001,0.011879400437915818,1.2832450946725984,0.2832450946725984,1.3991559411105428,-0.0828434079663366
2026-07-20,PORT001,-0.0026495204289564357,1.2798451105789053,0.27984511057890527,1.3991559411105428,-0.0852734330934819
2026-07-21,PORT001,-0.003047176888563511,1.2759451961370083,0.2759451961370083,1.3991559411105428,-0.0880607667475144
2026-07-22,PORT001,-0.008558485532269237,1.2650250376359014,0.26502503763590135,1.3991559411105428,-0.09586558548161439
2026-07-23,PORT001,-0.0038916111115254908,1.2601020521430795,0.26010205214307947,1.3991559411105428,-0.09938412501546678
2026-07-24,PORT001,-0.0021865834297168036,1.2573467338761113,0.2573467338761113,1.3991559411105428,-0.10135339676424782
2026-07-27,PORT001,0.010157742635497147,1.2701185384024076,0.2701185384024076,1.3991559411105428,-0.09222517584831547
2026-07-28,PORT001,0.0004943732918026907,1.2707464510852173,0.27074645108521733,1.3991559411105428,-0.09177639622028388
2026-07-29,PORT001,0.012452012969699416,1.28656980237533,0.28656980237533003,1.3991559411105428,-0.08046718412663167
2026-07-30,PORT001,0.004854731759657674,1.292815753655938,0.2928157536559379,1.3991559411105428,-0.07600309896136392
2026-07-31,PORT001,0.0013091532142911009,1.2945082475553227,0.2945082475553227,1.3991559411105428,-0.07479344544837419
2026-08-03,PORT001,0.01719095478782072,1.3167620803115072,0.3167620803115072,1.3991559411105428,-0.05888826139968184
2026-08-04,PORT001,-0.007493972971758269,1.3068943008714167,0.30689430087141667,1.3991559411105428,-0.06594092733215706
2026-08-05,PORT001,-9.512768702907576e-05,1.3067699790393832,0.3067699790393832,1.3991559411105428,-0.06602978221128852
2026-08-06,PORT001,-0.0008158773787872545,1.3057038149742066,0.3057038149742066,1.3991559411105428,-0.06679178738444336
2026-08-07,PORT001,0.0014773802939611908,1.3076328360601994,0.3076328360601994,1.3991559411105428,-0.06541308396096246
2026-08-10,PORT001,-0.0009391762313953175,1.3064047383811797,0.30640473838117965,1.3991559411105428,-0.06629082577867929
2026-08-11,PORT001,-0.004019436389752248,1.3011537276359857,0.3011537276359857,1.3991559411105428,-0.07004381041098995
2026-08-12,PORT001,-0.0028404665744968284,1.2974578439643536,0.2974578439643536,1.3991559411105428,-0.0726853198832641
2026-08-13,PORT001,7.587814925793653e-05,1.2975562926642938,0.29755629266429384,1.3991559411105428,-0.07261495696155706
2026-08-14,PORT001,-0.0034102173876745467,1.2931313436335636,0.29313134363356363,1.3991559411105428,-0.07577754156039596
2026-08-17,PORT001,-0.005360217234029724,1.286199878719555,0.286199878719555,1.3991559411105428,-0.08073157471020131
2026-08-18,PORT001,-0.0072047379141921605,1.2769331456881148,0.2769331456881148,1.3991559411105428,-0.0873546627872065
2026-08-19,PORT001,-0.0032410927392379275,1.2727944869411327,0.27279448694113273,1.3991559411105428,-0.09031263096314623
2026-08-20,PORT001,0.0064531413154364494,1.2810080096308725,0.28100800963087247,1.3991559411105428,-0.08444228981788371
2026-08-21,PORT001,0.0001038960035224454,1.2811411012435534,0.2811411012435534,1.3991559411105428,-0.08434716703080158
2026-08-24,PORT001,-0.0015661081637772525,1.2791346957059453,0.2791346957059453,1.3991559411105428,-0.08578117840770039
2026-08-25,PORT001,0.004170281674540702,1.284469047686717,0.2844690476867171,1.3991559411105428,-0.08196862840949382
2026-08-26,PORT001,-0.0065185443152337725,1.2760961792778251,0.27609617927782515,1.3991559411105428,-0.08795285658798135
2026-08-27,PORT001,-0.004483097579459304,1.2703753155853474,0.27037531558534744,1.3991559411105428,-0.09204165292896449
2026-08-28,PORT001,0.006040356426235759,1.2780488352865746,0.27804883528657465,1.3991559411105428,-0.08655726089247961
2026-08-31,PORT001,-0.00471320521006731,1.2720251288573814,0.2720251288573814,1.3991559411105428,-0.09086250396953943
2026-09-01,PORT001,0.0004004319213549672,1.2725344883237415,0.2725344883237415,1.3991559411105428,-0.09049845629522812
2026-09-02,PORT001,-0.005391971233722608,1.26567301896878,0.26567301896877993,1.3991559411105428,-0.09540246245591055
2026-09-03,PORT001,-0.0038618265811944156,1.2607852092610257,0.26078520926102566,1.3991559411105428,-0.09889586127168137
2026-09-04,PORT001,0.001233048241475696,1.2623398182461836,0.2623398182461836,1.3991559411105428,-0.09778475639803597
2026-09-07,PORT001,-0.007009218575366593,1.2534918025437074,0.2534918025437074,1.3991559411105428,-0.10410858024246983
2026-09-08,PORT001,-0.006625486013201557,1.2451868101382912,0.24518681013829124,1.3991559411105428,-0.11004429631342061
2026-09-09,PORT001,-0.012415365568306755,1.2297273606895904,0.22972736068959043,1.3991559411105428,-0.12109342171428938
2026-09-10,PORT001,0.0023883640124402685,1.2326643972629745,0.2326643972629745,1.3991559411105428,-0.11899427287241482
2026-09-11,PORT001,-0.0020628845971174432,1.2301215528644456,0.23012155286444558,1.3991559411105428,-0.12081168601687864
2026-09-14,PORT001,0.0,1.2301215528644456,0.23012155286444558,1.3991559411105428,-0.12081168601687864
2026-09-15,PORT001,-0.0076749668669417815,1.2206804107039,0.2206804107039,1.3991559411105428,-0.12755942719650148
2026-09-16,PORT001,0.001288134042964706,1.2222528106965078,0.22225281069650782,1.3991559411105428,-0.12643560679420962
2026-09-17,PORT001,0.0031956964708701628,1.2261587596901617,0.22615875969016175,1.3991559411105428,-0.12364396014576406
2026-09-18,PORT001,-0.0014348741918103034,1.2243993761308203,0.22439937613082028,1.3991559411105428,-0.12490142081018796
2026-09-21,PORT001,0.003258426622418488,1.2283889916544775,0.22838899165447746,1.3991559411105428,-0.12204997630251535
2026-09-22,PORT001,-0.0042699941750053575,1.2231437778154721,0.22314377781547212,1.3991559411105428,-0.1257988177896494
2026-09-23,PORT001,0.004152560204335711,1.2282229559914095,0.22822295599140952,1.3991559411105428,-0.12216864474981948
2026-09-24,PORT001,-0.014938253971956278,1.209875449540623,0.20987544954062298,1.3991559411105428,-0.13528191247909327
2026-09-25,PORT001,0.004026826681323824,1.2147474082819119,0.21474740828191186,1.3991559411105428,-0.1317998426124407
2026-09-28,PORT001,-0.014152553040785318,1.1975556311550455,0.19755563115504549,1.3991559411105428,-0.1440870913898864
2026-09-29,PORT001,-0.00537375280106872,1.1911202632276905,0.1911202632276905,1.3991559411105428,-0.14868655578000078
2026-09-30,PORT001,1.3863895526290086e-06,1.1911219145843794,0.19112191458437944,1.3991559411105428,-0.1486853755279357
