Date,portfolio_id,benchmark,portfolio_return,benchmark_return,active_return,portfolio_growth,benchmark_growth
2023-10-04,PORT001,NIFTY 50,-0.0075331610904892,-0.004744307271330683,-0.002788853819158517,0.9924668389095108,0.9952556927286693
2023-10-05,PORT001,NIFTY 50,0.0064302093380822,0.005641584105285702,0.0007886252327964985,0.9988486084448036,1.0008705114254626
2023-10-06,PORT001,NIFTY 50,0.0049010294166365,0.0055127073660514725,-0.0006116779494149726,1.003743994857558,1.0063880176662614
2023-10-09,PORT001,NIFTY 50,-0.006319073025548,-0.00718194675884698,0.0008628737332989798,0.9974012632550977,0.9991601925046407
2023-10-10,PORT001,NIFTY 50,0.0084056210479687,0.00909680297624016,-0.0006911819282714587,1.0057850403067852,1.0082493559175576
2023-10-11,PORT001,NIFTY 50,0.0079679239068902,0.006170692128707245,0.0017972317781829554,1.0137990589746382,1.0144709522818922
2023-10-12,PORT001,NIFTY 50,-0.0016186272889205,-0.0008757409120068171,-0.0007428863769136829,1.0121580961523,1.0135825385649364
2023-10-13,PORT001,NIFTY 50,-0.0012285415740759,-0.0021698099802970328,0.0009412684062211328,1.0109146178516393,1.0113832570569035
2023-10-16,PORT001,NIFTY 50,-0.0015985813729844,-0.0009772027556287366,-0.0006213786173556635,1.009298588573864,1.0103949305511106
2023-10-17,PORT001,NIFTY 50,0.0032166376759052,0.004041709427698992,-0.0008250717517937919,1.0125451364401086,1.0144786532676182
2023-10-18,PORT001,NIFTY 50,-0.0051892666747565,-0.007086812741337156,0.0018975460665806559,1.0072907697068931,1.0072892330218266
2023-10-19,PORT001,NIFTY 50,-0.0037107452927945,-0.0023588102112444,-0.0013519350815501003,1.003552970224728,1.0049132288932983
2023-10-20,PORT001,NIFTY 50,-0.0050310606404938,-0.004180896084593599,-0.0008501645559002005,0.9985040343755797,1.000711791109262
2023-10-23,PORT001,NIFTY 50,-0.0128836235465058,-0.013350307425555652,0.00046668387904985273,0.9856396842870173,0.9873519810535749
2023-10-25,PORT001,NIFTY 50,-0.0073979961830661,-0.008277236732921023,0.0008792405498549228,0.9783479256647835,0.9791794349676759
2023-10-26,PORT001,NIFTY 50,-0.0137068569349744,-0.013853064912347501,0.00014620797737310148,0.9649378506150673,0.965614798694233
2023-10-27,PORT001,NIFTY 50,0.0099619464142365,0.010075700327460302,-0.00011375391322380156,0.9745505097759631,0.975344044037637
2023-10-30,PORT001,NIFTY 50,0.0039680492372091,0.004916740769664862,-0.0009486915324557624,0.9784175741829014,0.9801395578634067
2023-10-31,PORT001,NIFTY 50,-0.003054055832822,-0.0032026069828995363,0.00014855115007753614,0.9754294322835325,0.9770005560711773
2023-11-01,PORT001,NIFTY 50,-0.0040706562412376,-0.004740624572936891,0.0006699683316992913,0.9714587943771207,0.9723689632272933
2023-11-02,PORT001,NIFTY 50,0.0084724297987179,0.007588523257266999,0.0008839065414509,0.9796894108148281,0.9797478077193882
2023-11-03,PORT001,NIFTY 50,0.005065557099264,0.005087980838331285,-2.2423739067285384e-05,0.9846520834648548,0.9847327457914615
2023-11-06,PORT001,NIFTY 50,0.0087237481005264,0.00941990339899168,-0.0006961552984652807,0.9932419402076608,0.9940088331306409
2023-11-07,PORT001,NIFTY 50,0.0005601853290636,-0.000260191958478706,0.000820377287542306,0.9937983397707757,0.9937502000256035
2023-11-08,PORT001,NIFTY 50,0.0019420260685636,0.0018962926582819506,4.5733410281649425e-05,0.9957283220535058,0.9956346412340783
2023-11-09,PORT001,NIFTY 50,-0.001931356338308,-0.002478937369815082,0.0005475810315070818,0.9938052158474749,0.9931665253152407
2023-11-10,PORT001,NIFTY 50,0.001730576085817,0.001549283945833313,0.00018129213998368697,0.9955250713879809,0.9947052222684507
2023-11-13,PORT001,NIFTY 50,0.0005184845302111,0.0009369804014345284,-0.0004184958712234284,0.9960412357369328,0.9956372415669208
2023-11-15,PORT001,NIFTY 50,0.0119067066886918,0.011926753508604282,-2.0046819912482652e-05,1.0079008065806945,1.0075119615310761
2023-11-16,PORT001,NIFTY 50,0.0063888763247506,0.004561522280999375,0.0018273540437512246,1.014340160181555,1.0121077497919735
2023-11-17,PORT001,NIFTY 50,-0.0015277162852258,-0.0016897597201204206,0.0001620434348946207,1.0127905362000869,1.0103975308839532
2023-11-20,PORT001,NIFTY 50,-0.0022287188165036,-0.0019157289123818977,-0.0003129899041217025,1.010533310874881,1.0084618831210395
2023-11-21,PORT001,NIFTY 50,0.0034549478489678,0.0045394734754240496,-0.0010845256264562495,1.0140246507635986,1.0130397690904436
2023-11-22,PORT001,NIFTY 50,0.0025541979583205,0.0014380348265852216,0.0011161631317352784,1.0166146704562657,1.0144965555591114
2023-11-23,PORT001,NIFTY 50,-0.0019267281189507,-0.0004971574875239915,-0.0014295706314267085,1.01465593038456,1.013992191000448
2023-11-24,PORT001,NIFTY 50,-0.0015526254103768,-0.00036868908443588033,-0.0011839363259409197,1.0130805498042552,1.0136183431479229
2023-11-28,PORT001,NIFTY 50,0.0047898801493618,0.004799264638990497,-9.384489628697264e-06,1.0179330842194672,1.0184829658196248
2023-11-29,PORT001,NIFTY 50,0.0108736483185092,0.010402389113554511,0.00047125920495468855,1.029001730589045,1.0290776219356077
2023-11-30,PORT001,NIFTY 50,0.0039737860643214,0.0018187545137213768,0.002155031550600023,1.0330907633262225,1.0309492615054727
2023-12-01,PORT001,NIFTY 50,0.0068464902494851,0.0066929416105065975,0.0001535486389785028,1.0401638091641687,1.0378493447161237
2023-12-04,PORT001,NIFTY 50,0.0174553765224943,0.020668169003769332,-0.0032127924812750328,1.0583202600982011,1.0592997903731678
2023-12-05,PORT001,NIFTY 50,0.0065949217725653,0.008135565760247543,-0.0015406439876822428,1.0652997994238698,1.0679177934775652
2023-12-06,PORT001,NIFTY 50,0.0051377115680285,0.003960643244200535,0.0011770683238279652,1.070773002526788,1.0721474348716638
2023-12-07,PORT001,NIFTY 50,-0.0012151775480216,-0.0017455990623970186,0.0005304215143754187,1.06947182321509,1.0702758953146003
2023-12-08,PORT001,NIFTY 50,0.0023777774371677,0.003265370504707432,-0.0008875930675397324,1.0720147891860172,1.07377074265506
2023-12-11,PORT001,NIFTY 50,0.0003442675271859,0.001320935183362959,-0.000976667656177059,1.072383849066597,1.0751891242078988
2023-12-12,PORT001,NIFTY 50,-0.0043393534410495,-0.004319607014175553,-1.9746426873946954e-05,1.0677303965210239,1.0705447297254052
2023-12-13,PORT001,NIFTY 50,0.0021812716538177,0.0009542158562574343,0.0012270557975602656,1.0700594065688747,1.071566260481342
2023-12-14,PORT001,NIFTY 50,0.0119630176562026,0.012250087289956912,-0.0002870696337543121,1.0828605461428438,1.0846930407092112
2023-12-15,PORT001,NIFTY 50,0.0137943620028641,0.012932779200891975,0.0008615828019721255,1.0977979165149572,1.0987211363054477
2023-12-18,PORT001,NIFTY 50,-0.0018448146640591,-0.0017710126840955187,-7.380197996358128e-05,1.0957726828203969,1.0967752872367669
2023-12-19,PORT001,NIFTY 50,0.0016887857530467,0.0016083748565725031,8.04108964741969e-05,1.0976232081157218,1.0985393130320686
2023-12-20,PORT001,NIFTY 50,-0.0150322118291691,-0.01412146609423337,-0.0009107457349357296,1.081123503542714,1.083026327369904
2023-12-21,PORT001,NIFTY 50,0.0041064002434105,0.004959794076523361,-0.0008533938331128609,1.0855630293608187,1.088397914933112
2023-12-22,PORT001,NIFTY 50,0.0071719504117144,0.004438926556610712,0.0027330238551036886,1.093348633576185,1.0932292333418683
2023-12-26,PORT001,NIFTY 50,0.0041350318970236,0.004306875934107168,-0.00017184403708356798,1.09786966505059,1.097937636017411
2023-12-27,PORT001,NIFTY 50,0.0106841733325682,0.0099527499207277,0.0007314234118405011,1.109599494848559,1.1088651347372471
2023-12-28,PORT001,NIFTY 50,0.006371297543719,0.005723881307796219,0.0006474162359227809,1.1166690833845994,1.1152121471548366
2023-12-29,PORT001,NIFTY 50,-0.0022834659815587,-0.0021717930740454694,-0.00011167290751323052,1.1141192075200324,1.1127901371375544
2024-01-01,PORT001,NIFTY 50,0.000326587138766,0.00048317180721269004,-0.00015658466844669007,1.1144830645242607,1.1133278059591636
2024-01-02,PORT001,NIFTY 50,-0.0054779442646809,-0.003500136051024061,-0.001977808213656839,1.1083779884128662,1.1094310071689184
2024-01-03,PORT001,NIFTY 50,-0.0058434506017517,-0.00685186637566948,0.00100841577391778,1.1019012363895067,1.1018293341547725
2024-01-04,PORT001,NIFTY 50,0.0049832077437322,0.006564470186349425,-0.001581262442617225,1.107392239163511,1.1090622599692768
2024-01-05,PORT001,NIFTY 50,0.0029366305775183,0.002410182228605562,0.0005264483489127382,1.110644241074345,1.1117353021186718
2024-01-08,PORT001,NIFTY 50,-0.009057664677642,-0.00911070868564301,5.304400800100993e-05,1.1005843979625394,1.1016066056455232
2024-01-09,PORT001,NIFTY 50,0.0021572315107762,0.0014804820050666745,0.0006767495057095254,1.102958613306093,1.103237514401844
2024-01-10,PORT001,NIFTY 50,0.002095744097012,0.0034277152411805734,-0.0013319711441685733,1.1052701323091776,1.1070190984446013
2024-01-11,PORT001,NIFTY 50,0.0011656752008431,0.0013183031833516878,-0.00015262798250858774,1.106558518292643,1.108478485246112
2024-01-12,PORT001,NIFTY 50,0.0119636731173777,0.011426492637705898,0.0005371804796718022,1.119797022690746,1.1211445064968322
2024-01-15,PORT001,NIFTY 50,0.0113630325776331,0.009267074694848665,0.002095957882784435,1.1325213127399176,1.1315342363822576
2024-01-16,PORT001,NIFTY 50,-0.0033257497416841,-0.0029482333845447517,-0.0003775163571393481,1.128754830276621,1.1281982093708
2024-01-17,PORT001,NIFTY 50,-0.0146083141005859,-0.020894393512082443,0.006286079411496543,1.1122656251733867,1.1046251920245798
2024-01-18,PORT001,NIFTY 50,-0.000859461872123,-0.0050852715087356115,0.004225809636612611,1.111309675276877,1.0990078730077455
2024-01-19,PORT001,NIFTY 50,0.0103393331375337,0.00746195718645537,0.0028773759510783304,1.122799876228529,1.1072086227037066
2024-01-23,PORT001,NIFTY 50,-0.0175003342100819,-0.01774084294273448,0.00024050873265258135,1.1031505031434912,1.0875658084234787
2024-01-24,PORT001,NIFTY 50,0.0114095975527168,0.010129971071150878,0.0012796264815659215,1.1157370064244356,1.0985828186007813
2024-01-25,PORT001,NIFTY 50,-0.0066291865860578,-0.004724053755400193,-0.0019051328306576073,1.1083405776278785,1.0933930543109522
2024-01-29,PORT001,NIFTY 50,0.018370870301052,0.018030591452244726,0.0003402788488072739,1.1287017586288735,1.113107577769955
2024-01-30,PORT001,NIFTY 50,-0.0104524449513308,-0.009913698102483215,-0.0005387468488475856,1.1169040656303348,1.1020725652883574
2024-01-31,PORT001,NIFTY 50,0.0103633931888846,0.009460025419002926,0.0009033677698816727,1.1284789816167258,1.112498199769571
2024-02-01,PORT001,NIFTY 50,-0.0025664702648798,-0.0013003033741542103,-0.0012661668907255896,1.1255827738658646,1.1110516146066702
2024-02-02,PORT001,NIFTY 50,0.0073624735285746,0.007205988175093214,0.00015648535348138613,1.1338698472426716,1.119057839403444
2024-02-05,PORT001,NIFTY 50,-0.0038081418942176,-0.0037568550808078083,-5.128681340979156e-05,1.1295519099747966,1.1148537012737634
2024-02-06,PORT001,NIFTY 50,0.0087126970581781,0.007243402101531293,0.0014692949566468064,1.1393933535778935,1.1229290349164698
2024-02-07,PORT001,NIFTY 50,0.0007555561100196,5.014315737827957e-05,0.0007054129526413204,1.140254229187905,1.1229853421237923
2024-02-08,PORT001,NIFTY 50,-0.0078682562295976,-0.009692017110872975,0.0018237608812753745,1.1312824167457722,1.112101348972669
2024-02-09,PORT001,NIFTY 50,0.0020907874298383,0.0029722318898448563,-0.0008814444600065562,1.1336476878023014,1.115406772066825
2024-02-12,PORT001,NIFTY 50,-0.0047081691775649,-0.0076414194307357075,0.0029332502531708073,1.1283102827003728,1.1068834810855794
2024-02-13,PORT001,NIFTY 50,0.0056475313355192,0.005884480011507653,-0.00023694867598845343,1.1346824503781117,1.1133969148050955
2024-02-14,PORT001,NIFTY 50,0.0033766283747723,0.004451992284961959,-0.0010753639101896586,1.1385138513364146,1.1183537492799083
2024-02-15,PORT001,NIFTY 50,0.0046050785651957,0.0032371361888359207,0.0013679423763597789,1.1437567970693823,1.1219740126736226
2024-02-16,PORT001,NIFTY 50,0.007088138461319,0.005930843022260657,0.0011572954390583435,1.1518639036130849,1.1286282644178458
2024-02-19,PORT001,NIFTY 50,0.0039681199689388,0.0037000088082788096,0.0002681111606599902,1.1564346377705117,1.1328041989374642
2024-02-20,PORT001,NIFTY 50,0.00409639328896,0.0033766555730090353,0.000719737715950965,1.1611718488597957,1.1366292885489344
2024-02-21,PORT001,NIFTY 50,-0.0065136461734595,-0.006392700010330099,-0.00012094616312940086,1.1536083862897413,1.1293631584842863
2024-02-22,PORT001,NIFTY 50,0.0084228768171353,0.0073633218581414805,0.0010595549589938191,1.163325087622674,1.1376790229149334
2024-02-23,PORT001,NIFTY 50,0.0004441909644759,-0.0002137959201901074,0.0006579868846660074,1.163841826115344,1.1374357917813482
2024-02-26,PORT001,NIFTY 50,-0.004238871331503,-0.004080928508836235,-0.00015794282266676576,1.1589084503642195,1.132793997631697
2024-02-27,PORT001,NIFTY 50,0.0044517040809085,0.003448994348646428,0.0010027097322620722,1.1640675678421053,1.1367009977277094
2024-02-28,PORT001,NIFTY 50,-0.0108081921166394,-0.011135927809948543,0.0003277356933091419,1.1514861019321185,1.124042777475517
2024-02-29,PORT001,NIFTY 50,0.0020814740953294,0.0014418556686905948,0.0006396184266388052,1.153882890424422,1.125663484926071
2024-03-01,PORT001,NIFTY 50,0.0151768328187119,0.016192168700068565,-0.0010153358813566656,1.1713951781447656,1.143890417973501
2024-03-04,PORT001,NIFTY 50,0.0021670554544409,0.0029925402887358565,-0.0008254848342949565,1.17393365645487,1.1473135561351855
2024-03-05,PORT001,NIFTY 50,-0.0013615763214979,-0.00220029050703785,0.0008387141855399499,1.1723352561852316,1.1447891330090254
2024-03-06,PORT001,NIFTY 50,0.0046971043590971,0.005266971542034149,-0.0005698671829370491,1.1778418372273824,1.150818704794214
2024-03-07,PORT001,NIFTY 50,0.0002110825356285,0.0008676673462120199,-0.0006565848105835199,1.1780904590689538,1.1518172326057738
2024-03-11,PORT001,NIFTY 50,-0.0069106375221749,-0.007153178801771132,0.00024254127959623135,1.1699491029379956,1.1435780779939835
2024-03-12,PORT001,NIFTY 50,-0.000149100034666,0.0001365188668460693,-0.0002856189015120693,1.16977466348619,1.1437341979773412
2024-03-13,PORT001,NIFTY 50,-0.0146088867693401,-0.015132725270416536,0.000523838501076436,1.1526855578816775,1.1264263825769698
2024-03-14,PORT001,NIFTY 50,0.0059924413109837,0.006771215952804832,-0.0007787746418211321,1.159592958437302,1.1340536588683352
2024-03-15,PORT001,NIFTY 50,-0.0065223912421947,-0.005567468627318717,-0.000954922614875983,1.15202963948068,1.1277398507008898
2024-03-18,PORT001,NIFTY 50,0.001783214245506,0.0014688778023679294,0.00031433644313807064,1.154083955145047,1.1293963627344301
2024-03-19,PORT001,NIFTY 50,-0.0120874110681916,-0.010802196640288697,-0.0012852144279029021,1.1401340679720045,1.117196401139346
2024-03-20,PORT001,NIFTY 50,0.0026543445141527,0.0009923428906801757,0.0016620016234725242,1.1431603765807246,1.1183050430455101
2024-03-21,PORT001,NIFTY 50,0.0077883962463095,0.0079146856998078,-0.0001262894534982996,1.1520637625666155,1.1271560759777255
2024-03-22,PORT001,NIFTY 50,0.0043814548948768,0.0038524885010076115,0.0005289663938691886,1.1571114779783231,1.1314984317992705
2024-03-26,PORT001,NIFTY 50,-0.0057407695173228,-0.00416580634029895,-0.00157496317702385,1.1504687676774008,1.1267848284580428
2024-03-27,PORT001,NIFTY 50,0.00630409103224,0.005405716783151604,0.0008983742490883961,1.157721427518588,1.1328759081162392
2024-03-28,PORT001,NIFTY 50,0.0090970607765624,0.009187001078543977,-8.994030198157706e-05,1.1682532897070532,1.1432836403059596
2024-04-01,PORT001,NIFTY 50,0.0053167692700938,0.006050979178091831,-0.0007342099079980314,1.1744646228974536,1.150201625808104
2024-04-02,PORT001,NIFTY 50,-0.0010831219254573,-0.0003872860275131451,-0.0006958358979441549,1.1731925345137193,1.1497561687896056
2024-04-03,PORT001,NIFTY 50,0.0002269643529311,-0.0008306302403686683,0.0010575945932997683,1.1734588073981789,1.1488011465467585
2024-04-04,PORT001,NIFTY 50,0.0036606114636351,0.003565912488363576,9.469897527152396e-05,1.1777543841606442,1.152897670901876
2024-04-05,PORT001,NIFTY 50,-0.0024361672535282,-4.224679746289706e-05,-0.002393920456065303,1.1748851774972526,1.1528489646674778
2024-04-08,PORT001,NIFTY 50,0.007582774282592,0.006778164752814453,0.0008046095297775469,1.1837940666061773,1.1606631648851056
2024-04-09,PORT001,NIFTY 50,-0.0028767641758769,-0.0010390218270411866,-0.0018377423488357132,1.1803885702437489,1.1594572105229473
2024-04-10,PORT001,NIFTY 50,0.0056559606886327,0.0049044741142307835,0.0007514865744019167,1.1870648015943588,1.1651437383985153
2024-04-12,PORT001,NIFTY 50,-0.0123404024004477,-0.010301592814249916,-0.002038809586197784,1.1724159442672768,1.1531409020354608
2024-04-15,PORT001,NIFTY 50,-0.0109241133816529,-0.010963897188301042,3.978380664814221e-05,1.1596083395616434,1.1404979837419194
2024-04-16,PORT001,NIFTY 50,-0.0058724279801387,-0.005594325260972033,-0.0002781027191666669,1.1527986231023994,1.1341176670613842
2024-04-18,PORT001,NIFTY 50,-0.0056960635822025,-0.0068652458503182245,0.0011691822681157244,1.1462322088477326,1.1263316704538184
2024-04-19,PORT001,NIFTY 50,0.0070868223776384,0.0068717686886063944,0.0002150536890320057,1.1543553529153645,1.1340715611598287
2024-04-22,PORT001,NIFTY 50,0.0104007227588634,0.008551965982977361,0.0018487567758860395,1.1663614829062472,1.1437701025731295
2024-04-23,PORT001,NIFTY 50,0.001641412034708,0.0014147135985376202,0.00022669843617037977,1.1682759626811092,1.1453882096908405
2024-04-24,PORT001,NIFTY 50,0.0005852823985912,0.0015379287654238016,-0.0009526463668326016,1.1689597340387636,1.1471497351661013
2024-04-25,PORT001,NIFTY 50,0.0073795339699264,0.0074969296067168845,-0.00011739563679048423,1.1775861121055786,1.1557498359790055
2024-04-26,PORT001,NIFTY 50,-0.0046613979836375,-0.006663626980883297,0.0020022289972457972,1.1720969145770501,1.1480483501888243
2024-04-29,PORT001,NIFTY 50,0.0118161753930476,0.00996662256880243,0.0018495528242451695,1.1859466172973425,1.1594905147858927
2024-04-30,PORT001,NIFTY 50,-0.0013842237155342,-0.00170251731563964,0.00031829360010544004,1.184305001864322,1.1575164621071499
2024-05-02,PORT001,NIFTY 50,0.0020441843303808,0.0019177127972140884,0.0001264715331667117,1.1867259395915248,1.1597362462395187
2024-05-03,PORT001,NIFTY 50,-0.0098409402222659,-0.007609859296553445,-0.0022310809257124545,1.1750474405597924,1.1509108165845228
2024-05-06,PORT001,NIFTY 50,-0.0012711405574568,-0.0014749338156797576,0.00020379325822295763,1.173553790101161,1.1492132993023108
2024-05-07,PORT001,NIFTY 50,-0.0026582475397041,-0.006246985595782073,0.003588738056077973,1.1704341936259142,1.142034180375088
2024-05-08,PORT001,NIFTY 50,-5.084095960831503e-05,0.0,-5.084095960831503e-05,1.1703746876283518,1.142034180375088
2024-05-09,PORT001,NIFTY 50,-0.0137815658750141,-0.01546911781190452,0.00168755193689042,1.1542450917723526,1.124367919093644
2024-05-10,PORT001,NIFTY 50,0.0055869268065619,0.0044494691449390444,0.0011374576616228552,1.160693774616918,1.1293707594572104
2024-05-13,PORT001,NIFTY 50,-0.0001784242258326,0.0022149680905385605,-0.0023933923163711604,1.160486678728753,1.1318722796517955
2024-05-14,PORT001,NIFTY 50,0.0059075013979934,0.005148324587705533,0.0007591768102878675,1.167342255405696,1.1376995255392692
2024-05-15,PORT001,NIFTY 50,-0.0004611170542865,-0.0007786004689536163,0.00031748341466711637,1.1668039739835392,1.136813712155156
2024-05-16,PORT001,NIFTY 50,0.009252028772498,0.009157377676264788,9.465109623321179e-05,1.1775992779226998,1.1472239446649173
2024-05-17,PORT001,NIFTY 50,0.0039495457322754,0.0027785403439750667,0.001171005388300333,1.1822502601251499,1.150411552678743
2024-05-21,PORT001,NIFTY 50,0.0006529731290315,0.002802051667603722,-0.002149078538572222,1.183022237776802,1.1536350652883571
2024-05-22,PORT001,NIFTY 50,0.0054024953573106,0.0030516154749500313,0.0023508798823605685,1.1894135099239864,1.157155515906036
2024-05-23,PORT001,NIFTY 50,0.0156635790660853,0.01636661960848307,-0.0007030405423977676,1.2080439824789508,1.1760942400627281
2024-05-24,PORT001,NIFTY 50,-0.0010025790840435,-0.0004593757337192361,-0.0005432033503242639,1.2068328228495129,1.1755539709082763
2024-05-27,PORT001,NIFTY 50,-0.0015409471126594,-0.0010737589261899938,-0.0004671881864694062,1.2049731572956803,1.1742917093387955
2024-05-28,PORT001,NIFTY 50,-0.0025633061388035,-0.0019317094176221072,-0.0006315967211813927,1.2018844422044908,1.1720233189848301
2024-05-29,PORT001,NIFTY 50,-0.0078549312733134,-0.008015115627261094,0.00016018435394769305,1.19244372251251,1.1626294165653204
2024-05-30,PORT001,NIFTY 50,-0.0108946273576166,-0.009515599658179275,-0.0013790276994373254,1.179452492510807,1.1515663004864622
2024-05-31,PORT001,NIFTY 50,0.0002875985299466,0.0018697799732139142,-0.0015821814432673141,1.179791701313795,1.15371947609294
2024-06-03,PORT001,NIFTY 50,0.0325252801249623,0.03254231769535276,-1.7037570390461554e-05,1.218164756888132,1.1912641818152723
2024-06-04,PORT001,NIFTY 50,-0.0498104289781218,-0.05929359941641077,0.009483170438288967,1.1574874477815047,1.1206298406195991
2024-06-05,PORT001,NIFTY 50,0.0284140756390429,0.033624236760035675,-0.005210161120992776,1.190376383674011,1.1583101637009536
2024-06-06,PORT001,NIFTY 50,0.0097550238994849,0.008888049244237806,0.000866974655247094,1.2019885337461333,1.1686052814760288
2024-06-07,PORT001,NIFTY 50,0.0252679818198704,0.020539931466807104,0.004728050353063295,1.2323603581645233,1.1926083538692953
2024-06-10,PORT001,NIFTY 50,-0.0012231160762653,-0.0013289382574128705,0.00010582218114757046,1.2308530383987002,1.1910234510017281
2024-06-11,PORT001,NIFTY 50,0.0003842724841166,0.0002429314342191624,0.0001413410498974376,1.2313260213533481,1.1913127880368686
2024-06-12,PORT001,NIFTY 50,0.002145487509653,0.002497312914139238,-0.00035182540448623796,1.2339678159524723,1.1942878688472123
2024-06-13,PORT001,NIFTY 50,0.0037823428203511,0.0032564994745150067,0.0005258433458360935,1.2386351052616846,1.1981770666645328
2024-06-14,PORT001,NIFTY 50,0.0019121247377101,0.0028505279152657437,-0.0009384031775556438,1.2410035300874516,1.2015925038404913
2024-06-18,PORT001,NIFTY 50,0.0028537524560883,0.003933450786960613,-0.0010796983308723127,1.244545046959453,1.2063189088203288
2024-06-19,PORT001,NIFTY 50,-0.0046638053406479,-0.0017786131162043084,-0.0028851922244435913,1.2387407311227665,1.2041733341867757
2024-06-20,PORT001,NIFTY 50,5.741166659114034e-05,0.0021687361796223215,-0.0021113245130311813,1.2388118492926148,1.206784868463163
2024-06-21,PORT001,NIFTY 50,-0.0033771446740235,-0.00279629951309035,-0.00058084516093315,1.234628202453659,1.2034103365230746
2024-06-24,PORT001,NIFTY 50,0.0025747632688779,0.00156375661610908,0.00101100665276882,1.2378070778000576,1.2052921773987066
2024-06-25,PORT001,NIFTY 50,0.007157407105788,0.007793879853915442,-0.0006364727481274418,1.2466665669742985,1.2146860798182162
2024-06-26,PORT001,NIFTY 50,0.0086878214171993,0.006218040121837909,0.0024697812953613906,1.257497383474964,1.2222390465979638
2024-06-27,PORT001,NIFTY 50,0.0111908155495522,0.007361040898544724,0.0038297746510074764,1.2715698047474768,1.2312359982077696
2024-06-28,PORT001,NIFTY 50,-0.0006844563798235,-0.0014099020825968367,0.0007254457027733367,1.2706994706822266,1.2295000760097283
2024-07-01,PORT001,NIFTY 50,0.0063693535925884,0.005470484349075377,0.0008988692435130223,1.2787930049209166,1.2362260369327265
2024-07-02,PORT001,NIFTY 50,-0.0008750689786402,-0.0007497161563467802,-0.00012535282229341979,1.2776739728322082,1.2352992182999414
2024-07-03,PORT001,NIFTY 50,0.0045725034234898,0.006742306607722792,-0.0021698031842329922,1.2835161414470873,1.243627984382
2024-07-04,PORT001,NIFTY 50,0.0007720792835478,0.0006444070008029268,0.0001276722827448732,1.2845071176699976,1.2444293869615302
2024-07-05,PORT001,NIFTY 50,0.0037066536555216,0.0008928929498506211,0.002813760705670979,1.2892683406732528,1.245540529187735
2024-07-08,PORT001,NIFTY 50,0.0002318044367829,-0.00013562113637344275,0.00036742557315634275,1.2895671987948245,1.2453716075657675
2024-07-09,PORT001,NIFTY 50,0.006710261763451,0.004631820986013446,0.0020784407774375535,1.298220532260298,1.2511399459130759
2024-07-10,PORT001,NIFTY 50,-0.0043693376073704,-0.004450911197766749,8.157359039634958e-05,1.2925481684660327,1.2455712331178381
2024-07-11,PORT001,NIFTY 50,-0.0009405280037491,-0.0003494426502141934,-0.0005910853535349066,1.2913324907173958,1.245135977405107
2024-07-12,PORT001,NIFTY 50,0.0096380840737753,0.007657573644356042,0.0019805104294192584,1.3037784618301278,1.2546706978493238
2024-07-15,PORT001,NIFTY 50,0.0036116878538596,0.003450669707641296,0.0001610181462183037,1.3084873026648436,1.2590001520194576
2024-07-16,PORT001,NIFTY 50,-0.0001295306912957,0.0010697158254551198,-0.0011992465167508198,1.3083178133999778,1.2603469244063232
2024-07-18,PORT001,NIFTY 50,0.0088992077011073,0.007632129743428306,0.0012670779576789935,1.3199608053604825,1.269966055655123
2024-07-19,PORT001,NIFTY 50,-0.0109931804064007,-0.010884676251089243,-0.00010850415531145699,1.3054502380977768,1.2561428862894444
2024-07-22,PORT001,NIFTY 50,-0.0022828367606751,-0.0008825762723847497,-0.0014002604882903504,1.3024701083050152,1.2550342443832805
2024-07-23,PORT001,NIFTY 50,0.000506616232521,-0.0012321559717249908,0.0017387722042459908,1.3031299608042557,1.2534878464443442
2024-07-24,PORT001,NIFTY 50,-0.0016965501913793,-0.002677831825905974,0.0009812816345266741,1.3009191354198613,1.2501312167957492
2024-07-25,PORT001,NIFTY 50,0.0013005648365393,-0.0003031269840456652,0.0016036918205849652,1.3026110651025695,1.2497522682903406
2024-07-26,PORT001,NIFTY 50,0.0170408106482127,0.01756732976027453,-0.0005265191120618316,1.3248086136112491,1.271707078506048
2024-07-29,PORT001,NIFTY 50,0.0005807197088243,5.03324972633834e-05,0.0005303872115609166,1.3255779560835934,1.2717710866990968
2024-07-30,PORT001,NIFTY 50,0.0017141860264402,0.0008536433743000504,0.0008605426521401496,1.3278502432928692,1.2728567256608838
2024-07-31,PORT001,NIFTY 50,0.0037469541977555,0.00377553501085659,-2.858081310108977e-05,1.3328256373359662,1.2776624407924209
2024-08-01,PORT001,NIFTY 50,0.0020149702770996,0.0023946791656728195,-0.00037970888857321965,1.3355112413797543,1.2807220324201491
2024-08-02,PORT001,NIFTY 50,-0.0130703435047413,-0.011722935491954689,-0.0013474080127866116,1.3180556507004775,1.2657082106509627
2024-08-05,PORT001,NIFTY 50,-0.0272721205355241,-0.02678645789462286,-0.0004856626409012396,1.2821094781220455,1.2318043709594824
2024-08-06,PORT001,NIFTY 50,-0.001641407060776,-0.0026209626510589334,0.0009795555902829334,1.2800050145719681,1.2285758577097865
2024-08-07,PORT001,NIFTY 50,0.0111530084496357,0.012710162480444431,-0.0015571540308087321,1.2942809213150652,1.2441912564808293
2024-08-08,PORT001,NIFTY 50,-0.0075192434601681,-0.007428747813561065,-9.049564660703474e-05,1.2845489079618466,1.2349484734045955
2024-08-09,PORT001,NIFTY 50,0.0103415343974442,0.010386864037815746,-4.5329640371545923e-05,1.2978331146787334,1.2477757152915572
2024-08-12,PORT001,NIFTY 50,-0.00170089197437,-0.0008412844977941925,-0.0008596074765758075,1.2956256407499047,1.2467259809255584
2024-08-13,PORT001,NIFTY 50,-0.005469066941371,-0.008543146999630324,0.0030740800582593243,1.288539777389687,1.236075017602253
2024-08-14,PORT001,NIFTY 50,0.0013319798850489,0.00019677699987563635,0.0011352028851732635,1.2902560864542554,1.236318248735838
2024-08-16,PORT001,NIFTY 50,0.0166563641514077,0.016459762490292462,0.00019660166111523658,1.3117470616788076,1.2566677534724442
2024-08-19,PORT001,NIFTY 50,0.0008918152140134,0.0012835584110202358,-0.0003917431970068358,1.31291689766535,1.2582807599372716
2024-08-20,PORT001,NIFTY 50,0.0048732556514077,0.005135759339910173,-0.0002625036885024728,1.3193150773567264,1.2647429871023488
2024-08-21,PORT001,NIFTY 50,0.0022921576829813,0.0028887826964991703,-0.0005966250135178703,1.3223391555475628,1.2683965547590088
2024-08-22,PORT001,NIFTY 50,0.0005183902150701,0.001667357653657442,-0.0011489674385873419,1.3230246432268027,1.270511425462459
2024-08-23,PORT001,NIFTY 50,0.0003904483886352,0.00046955607782672715,-7.910768919152717e-05,1.3235412160668754,1.2711080018242331
2024-08-26,PORT001,NIFTY 50,0.0069304460874464,0.007551387144671073,-0.0006209410572246736,1.33271394710934,1.2807066304486971
2024-08-27,PORT001,NIFTY 50,-0.0004160406394023,0.0002858944102370753,-0.0007019350496393753,1.3321594839466444,1.281072777315496
2024-08-28,PORT001,NIFTY 50,0.0011714296664579,0.0013830024432652799,-0.00021157277680737985,1.3337200150865929,1.282844504096524
2024-08-29,PORT001,NIFTY 50,0.0042626801533863,0.00397565940632294,0.00028702074706335977,1.3394052369250766,1.287944656916085
2024-08-30,PORT001,NIFTY 50,0.0036218743868712,0.003337760073577778,0.00028411431329342226,1.3442563944463368,1.2922435071689173
2024-09-02,PORT001,NIFTY 50,0.0002915572782872,0.001695950113232314,-0.001404392834945114,1.3446483221820216,1.2944350876912243
2024-09-03,PORT001,NIFTY 50,-0.0002189865113711,4.550829989491412e-05,-0.0002644948112660141,1.344353862336926,1.2944939952313894
2024-09-04,PORT001,NIFTY 50,-0.002884394353148,-0.0032100820170585243,0.00032568766391052406,1.3404762156477685,1.2903385633361069
2024-09-05,PORT001,NIFTY 50,-0.0021168842934306,-0.0021270784221717465,1.0194128741146478e-05,1.3376385826011465,1.2875939120207385
2024-09-06,PORT001,NIFTY 50,-0.0117057274902504,-0.011650350298901935,-5.53771913484654e-05,1.3219805498727726,1.2725929919029633
2024-09-09,PORT001,NIFTY 50,0.0024931361722443,0.003390048695012693,-0.000896912522768393,1.3252764274006636,1.2769071441144462
2024-09-10,PORT001,NIFTY 50,0.0056474018748368,0.0041986500501236534,0.0014487518247131466,1.3327607959814431,1.2822684303590854
2024-09-11,PORT001,NIFTY 50,-0.0061141148307462,-0.004897963449619458,-0.0012161513811267417,1.324612143432896,1.2759879264545857
2024-09-12,PORT001,NIFTY 50,0.0191536319135926,0.01887963282727112,0.0002739990863214817,1.3499832768564843,1.3000781099980794
2024-09-13,PORT001,NIFTY 50,-0.0003489154428586,-0.0012761636040355961,0.0009272481611769961,1.3495122468435883,1.2984189976316964
2024-09-16,PORT001,NIFTY 50,0.0001689695880461,0.0010746751326089488,-0.0009057055445628487,1.3497402733720005,1.2998143762401582
2024-09-17,PORT001,NIFTY 50,0.0017312957184967,0.0013709866056039743,0.0003603091128927256,1.352077072928372,1.301596404339755
2024-09-18,PORT001,NIFTY 50,-0.0040013476287412,-0.0016129951842196455,-0.002388352444521555,1.3466669425387348,1.2994969356077573
2024-09-19,PORT001,NIFTY 50,0.0020415450998089,0.0015072376499098983,0.0005343074498990017,1.3494162238363492,1.3014555863150479
2024-09-20,PORT001,NIFTY 50,0.0145145729092119,0.014760441377741573,-0.0002458684685296732,1.3690024240020955,1.3206656452025853
2024-09-23,PORT001,NIFTY 50,0.0058875070920349,0.005742385099666292,0.0001451219923686081,1.377062435482421,1.3282494159252378
2024-09-24,PORT001,NIFTY 50,-0.0009359305312818,5.2030021699067674e-05,-0.0009879605529808677,1.3757736007055716,1.3283185247711702
2024-09-25,PORT001,NIFTY 50,0.0023044230995658,0.0024575565157058943,-0.00015313341614009435,1.3789439651708102,1.3315829426166543
2024-09-26,PORT001,NIFTY 50,0.0089346519629109,0.008148714241454025,0.0007859377214568756,1.3912643495759678,1.342433631504832
2024-09-27,PORT001,NIFTY 50,-0.001674904244964,-0.0014152231703233875,-0.0002596810746406126,1.388934115010996,1.3405337883249049
2024-09-30,PORT001,NIFTY 50,-0.0139887574626471,-0.014060900852023384,7.214338937628316e-05,1.3695046525445107,1.321684675638481
2024-10-01,PORT001,NIFTY 50,-8.222096782289218e-07,-0.0005404401234794243,0.0005396179138011954,1.369503526524531,1.320970384209178
2024-10-03,PORT001,NIFTY 50,-0.021826074601878,-0.021196375260987388,-0.0006296993408906118,1.3396126403870716,1.2929706002368295
2024-10-04,PORT001,NIFTY 50,-0.00869138420671,-0.009326695880144675,0.0006353116734346756,1.3279695522413024,1.2809114566664526
2024-10-07,PORT001,NIFTY 50,-0.007566646129726,-0.008748875168602677,0.001182229038876677,1.3179212765684418,1.2697049222300447
2024-10-08,PORT001,NIFTY 50,0.0064001629008581,0.00876764730346924,-0.0023674844026111393,1.3263561874289866,1.2808372471676366
2024-10-09,PORT001,NIFTY 50,-0.0003438138796978,-0.0012473907279866303,0.0009035768482888304,1.3259001677623254,1.2792395426614598
2024-10-10,PORT001,NIFTY 50,-0.0002792261595814,0.0006604768849507447,-0.0009397030445321447,1.3255299417504929,1.2800844508097027
2024-10-11,PORT001,NIFTY 50,-0.0014376947270152,-0.0013680536120755926,-6.964111493960737e-05,1.3236242343427376,1.2783332266530107
2024-10-14,PORT001,NIFTY 50,0.0064683162909933,0.006557345754428789,-8.902946343548965e-05,1.3321858545408902,1.286715699609549
2024-10-15,PORT001,NIFTY 50,-0.0033950504710525,-0.0028096049048969007,-0.0005854455661555994,1.3276630163279017,1.2831005368687183
2024-10-16,PORT001,NIFTY 50,-0.0034876828871863,-0.0034340754096676696,-5.360747751863033e-05,1.323032548745905,1.278694272866926
2024-10-17,PORT001,NIFTY 50,-0.0061432138534761,-0.008868227322834543,0.002725013469358443,1.3149048768638494,1.2673545213787354
2024-10-18,PORT001,NIFTY 50,0.0046810647656562,0.004210173941240125,0.0004708908244160752,1.321060031753126,1.272690304358957
2024-10-21,PORT001,NIFTY 50,-0.0027243824772564,-0.00293518237799828,0.00021079990074188018,1.317460958951214,1.2689547262049534
2024-10-22,PORT001,NIFTY 50,-0.0121238729591491,-0.012469180337869368,0.00034530737872026825,1.3014882296562509,1.2531319008833122
2024-10-23,PORT001,NIFTY 50,-0.0033863770239347,-0.001495564743491773,-0.001890812280442927,1.2970808998184216,1.2512577609934064
2024-10-24,PORT001,NIFTY 50,-0.00067819611186,-0.0014773427748562273,0.0007991466629962273,1.2962012245953969,1.24940922438072
2024-10-25,PORT001,NIFTY 50,-0.0074427146912681,-0.008959220549493163,0.0015165058582250635,1.286553968698261,1.238215491582922
2024-10-28,PORT001,NIFTY 50,0.0069864394536131,0.0065485676346082045,0.0004378718190048954,1.295542400104377,1.2463240294757725
2024-10-29,PORT001,NIFTY 50,0.0016198921289888,0.0052466588480091225,-0.0036267667190203225,1.297641039041077,1.252863066472508
2024-10-30,PORT001,NIFTY 50,-0.003438252032948,-0.005149825253829232,0.0017115732208812322,1.2931794221005573,1.2464110406131979
2024-10-31,PORT001,NIFTY 50,-0.0053877528865688,-0.005566773640794054,0.00017902075422525365,1.2862120909362835,1.2394725524867176
2024-11-01,PORT001,NIFTY 50,0.0042207602684653,0.004090004961616156,0.00013075530684914394,1.2916408838265272,1.2445420013761754
2024-11-04,PORT001,NIFTY 50,-0.0108449164813639,-0.0127137736646451,0.0018688571832812008,1.2776331463175135,1.2287191760545344
2024-11-05,PORT001,NIFTY 50,0.0062952240661208,0.00908305881860727,-0.00278783475248647,1.285676133247885,1.2398797046021883
2024-11-06,PORT001,NIFTY 50,0.0132089650435288,0.011181870759630508,0.002027094283898292,1.3026585843492555,1.2537438792165387
2024-11-07,PORT001,NIFTY 50,-0.0108110187306675,-0.011628025706147627,0.0008170069754801258,1.288575517994191,1.2391653131600835
2024-11-08,PORT001,NIFTY 50,-0.0001500427552416,-0.002113709312467793,0.001963666557226193,1.2883821765731343,1.23654607789797
2024-11-11,PORT001,NIFTY 50,-0.0003526264943467,-0.00028567088740283353,-6.695560694386647e-05,1.2879278588828305,1.2361928326825824
2024-11-12,PORT001,NIFTY 50,-0.0101738021881634,-0.010680930776533315,0.0005071285883699143,1.2748247356139317,1.222989142610253
2024-11-13,PORT001,NIFTY 50,-0.010966485946436,-0.013582562322921432,0.0026160763764854315,1.2608443880666524,1.206377816360493
2024-11-14,PORT001,NIFTY 50,-0.0022598468994368,-0.0011185324376894457,-0.0011413144617473544,1.2579950727856077,1.2050284436407848
2024-11-18,PORT001,NIFTY 50,-0.00506473246755,-0.0033527151631265184,-0.0017120173044234818,1.2516236642964524,1.2009883265057915
2024-11-19,PORT001,NIFTY 50,0.0038951340519321,0.002758581406631766,0.0011365526453003339,1.2564989062514578,1.2043013505728721
2024-11-21,PORT001,NIFTY 50,-0.0050048667038217,-0.007168807933116472,0.0021639412292947724,1.2502102967121715,1.1956679454970225
2024-11-22,PORT001,NIFTY 50,0.0273540306892075,0.023869464111237804,0.003484566577969698,1.2844085875363995,1.2242078986110212
2024-11-25,PORT001,NIFTY 50,0.0118569338133131,0.013161295867362366,-0.0013043620540492667,1.2996377351480697,1.240320060967803
2024-11-26,PORT001,NIFTY 50,-0.0027026813477492,-0.0011312238174179257,-0.0015714575303312742,1.296125228482454,1.238916981373615
2024-11-27,PORT001,NIFTY 50,0.0008761735631487,0.003323085437806128,-0.002446911874657428,1.2972608591421804,1.2430340083530684
2024-11-28,PORT001,NIFTY 50,-0.0147331822078619,-0.014861029054492936,0.00012784684663103528,1.2781480785333112,1.2245612438392106
2024-11-29,PORT001,NIFTY 50,0.0109719745583305,0.009072001940535257,0.0018999726177952436,1.2921718867327578,1.2356704658196243
2024-12-02,PORT001,NIFTY 50,0.0074832953723793,0.006006820004948565,0.0014764753674307348,1.3018415906330638,1.2430929158932338
2024-12-03,PORT001,NIFTY 50,0.0069700307020456,0.007460011144599932,-0.0004899804425543318,1.310915466488976,1.2523664028995705
2024-12-04,PORT001,NIFTY 50,-0.0012868969326683,0.00042109681465385407,-0.0017079937473221541,1.309228453396164,1.252893770402611
2024-12-05,PORT001,NIFTY 50,0.0116939782764745,0.009847825562885104,0.0018461527135893961,1.324538542489121,1.2652320497023615
2024-12-06,PORT001,NIFTY 50,-0.0001463831928657,-0.0012384293961259507,0.0010920462032602508,1.3243446523081976,1.2636651491390893
2024-12-09,PORT001,NIFTY 50,-0.0029962104558602,-0.0023827399277279726,-0.0006134705281322273,1.3203766370137893,1.2606541637329574
2024-12-10,PORT001,NIFTY 50,-0.0013282684565277,-0.0003635086213900074,-0.0009647598351376927,1.3186228223761078,1.260195905075849
2024-12-11,PORT001,NIFTY 50,0.0009834231229925,0.0012901233029631864,-0.0003067001799706864,1.3199195865501383,1.2618217131792862
2024-12-12,PORT001,NIFTY 50,-0.0044569866705403,-0.003778196379659149,-0.0006787902908811511,1.3140367225466993,1.2570543029507768
2024-12-13,PORT001,NIFTY 50,0.0108835146248479,0.008945547808588916,0.0019379668162589833,1.3283380604341235,1.2682993423158153
2024-12-16,PORT001,NIFTY 50,-0.004169359524724,-0.004039468921733236,-0.00012989060299076378,1.3227997414897992,1.263176086539076
2024-12-17,PORT001,NIFTY 50,-0.012685172335382,-0.013468730047733413,0.0007835577123514129,1.3060197988038023,1.2461627088267289
2024-12-18,PORT001,NIFTY 50,-0.0041835250954178,-0.005635699812006956,0.0014521747165891557,1.3005560322003942,1.239139709882864
2024-12-19,PORT001,NIFTY 50,-0.009087818433567,-0.010213311567061067,0.0011254931334940682,1.2887368151170766,1.2264839899507127
2024-12-20,PORT001,NIFTY 50,-0.0159473506534193,-0.01520556915080562,-0.0007417815026136802,1.2681848772264337,1.207834602829161
2024-12-23,PORT001,NIFTY 50,0.0058505102538389,0.0070354729729729115,-0.0011849627191340114,1.2756044058544103,1.216332290533187
2024-12-24,PORT001,NIFTY 50,-0.0011063290156777,-0.0010861087115143775,-2.0220304163322614e-05,1.2741931676876872,1.2150112214363427
2024-12-26,PORT001,NIFTY 50,0.0006756693255297,0.0009503186263191132,-0.0002746493007894132,1.2750541009258933,1.2161658692312602
2024-12-27,PORT001,NIFTY 50,0.003727091962197,0.002661079652128029,0.0010660123100689712,1.2798063448168207,1.2194021834794841
2024-12-30,PORT001,NIFTY 50,-0.0074259658984167,-0.007075847935867907,-0.0003501179625487929,1.2703025465436335,1.2107738790565181
2024-12-31,PORT001,NIFTY 50,0.0005550128129075,-4.212721278373799e-06,0.0005592255341858738,1.2710075807332342,1.2107687784036345
2025-01-01,PORT001,NIFTY 50,0.0051784381726299,0.004148887118253564,0.001029551054376336,1.277589414907005,1.215792121391537
2025-01-02,PORT001,NIFTY 50,0.019209564758212,0.018774033191665485,0.000435531566546514,1.3021313515070674,1.238617443032707
2025-01-03,PORT001,NIFTY 50,-0.0055224888992415,-0.007602755327609123,0.0020802664283676234,1.2949403455730153,1.2292005376688206
2025-01-06,PORT001,NIFTY 50,-0.0159171891384225,-0.016192595996625703,0.0002754068582032018,1.2743285351695552,1.2092965899635144
2025-01-07,PORT001,NIFTY 50,0.0040403039594068,0.0038892874268343647,0.00015101653257243528,1.2794772097957858,1.2139998919861732
2025-01-08,PORT001,NIFTY 50,0.0016794608616642,-0.0007993610384197103,0.00247882190008391,1.2816260416930292,1.2130294677718738
2025-01-09,PORT001,NIFTY 50,-0.0066533841041015,-0.006857594959147506,0.00020421085504600603,1.2730988913598262,1.204711003008384
2025-01-10,PORT001,NIFTY 50,-0.003773491104242,-0.004037999702463213,0.0002645085982212131,1.2682948640184597,1.1998463803366821
2025-01-13,PORT001,NIFTY 50,-0.014172568345944,-0.014747275302477436,0.0005747069565334353,1.2503198683753483,1.182151915445176
2025-01-14,PORT001,NIFTY 50,0.0024374339067632,0.003902874499386977,-0.001465440592623777,1.253367440416826,1.1867657060103685
2025-01-15,PORT001,NIFTY 50,0.0032407386890421,0.0016028803979861728,0.001637858291055927,1.2574292767725705,1.1886679494975347
2025-01-16,PORT001,NIFTY 50,0.0031488163277995,0.004247650725383689,-0.0010988343975841895,1.261388690610325,1.1937169957754583
2025-01-17,PORT001,NIFTY 50,-0.0028003706185149,-0.004658651792672774,0.0018582811741578746,1.257856334782613,1.188155883953145
2025-01-20,PORT001,NIFTY 50,0.0077330246456977,0.006100485537167577,0.001632539108530123,1.267583368820234,1.1954042117391017
2025-01-21,PORT001,NIFTY 50,-0.0136542363978052,-0.013711845677293555,5.760927948835447e-05,1.2502754858484364,1.1790130136657484
2025-01-22,PORT001,NIFTY 50,0.0061176946298611,0.0056764909144164655,0.00044120371544463435,1.2579242894740583,1.1857056703258009
2025-01-23,PORT001,NIFTY 50,0.0046177604152281,0.0021593282262408753,0.0024584321889872243,1.2637330824633455,1.1882659980477492
2025-01-24,PORT001,NIFTY 50,-0.0050311876721771,-0.004876047658393667,-0.00015514001378343252,1.2573750041579335,1.1824719564104198
2025-01-27,PORT001,NIFTY 50,-0.01088260577824,-0.011391241935562957,0.0005086361573229566,1.2436914876722698,1.1690021322729303
2025-01-28,PORT001,NIFTY 50,0.0038989958197507,0.005611229817278129,-0.0017122339975274292,1.2485406355837634,1.1755616718940018
2025-01-29,PORT001,NIFTY 50,0.0088436285004196,0.008966649288351114,-0.00012302078793151316,1.259582265132544,1.186102521122703
2025-01-30,PORT001,NIFTY 50,0.0023117733812767,0.003730087599762788,-0.0014183142184860881,1.2624941338846056,1.1905267874287901
2025-01-31,PORT001,NIFTY 50,0.011853090270311,0.011135740150325812,0.000717350119985187,1.277458590819278,1.2037841843755994
2025-02-01,PORT001,NIFTY 50,-0.001820072192131,-0.0011166221250199504,-0.0007034500671110496,1.275133523961529,1.2024400123215766
2025-02-03,PORT001,NIFTY 50,-0.0050179204498844,-0.005157091976693451,0.0001391715268090508,1.2687350053753093,1.1962389185815778
2025-02-04,PORT001,NIFTY 50,0.0178435037653457,0.016189306820631133,0.0016541969447145671,1.2913736832209495,1.215605197465275
2025-02-05,PORT001,NIFTY 50,-0.0046260889855323,-0.001809207062143936,-0.0028168819233883643,1.2853996736487947,1.2134059159572421
2025-02-06,PORT001,NIFTY 50,-0.0044890071641674,-0.003922602634608197,-0.0005664045295592033,1.2796295053049667,1.208646206714459
2025-02-07,PORT001,NIFTY 50,-0.0009014180221507,-0.0018387386257991967,0.0009373206036484967,1.278476024207209,1.2064238222492474
2025-02-10,PORT001,NIFTY 50,-0.0071793331225909,-0.007570033692307909,0.0003907005697170096,1.26929741894018,1.1972911532676176
2025-02-11,PORT001,NIFTY 50,-0.0143973538518376,-0.013249684936046169,-0.0011476689157914315,1.251022894856474,1.1814274227101063
2025-02-12,PORT001,NIFTY 50,-0.0007836757467008,-0.0011507892904301098,0.0003671135437293098,1.2500424985552077,1.180067848684631
2025-02-13,PORT001,NIFTY 50,-0.0002577008653464,-0.0006009745771905495,0.0003432737118441495,1.2497203615216101,1.1793586579082116
2025-02-14,PORT001,NIFTY 50,-0.0048030392898889,-0.004435266153706374,-0.0003677731361825254,1.2437179055238476,1.1741278883697108
2025-02-17,PORT001,NIFTY 50,0.0003325681177814,0.0013192755977626813,-0.0009867074799812814,1.2441315264467387,1.1756768866414895
2025-02-18,PORT001,NIFTY 50,-0.0004642392080615,-0.0006184463402948426,0.00015420713223334256,1.2435539518121768,1.1749497935735769
2025-02-19,PORT001,NIFTY 50,-0.0028886226392231,-0.0005404326900405598,-0.0023481899491825404,1.2399617937138767,1.1743148122959732
2025-02-20,PORT001,NIFTY 50,-0.000391073269104,-0.0008612081186238907,0.00047013484951989067,1.239476877801645,1.1733034828458035
2025-02-21,PORT001,NIFTY 50,-0.007531372025549,-0.005117148798882476,-0.002414223226666524,1.2301419163178549,1.1672995143378344
2025-02-24,PORT001,NIFTY 50,-0.0099241474428674,-0.010640105330068539,0.0007159578872011386,1.217933806564665,1.154879324553542
2025-02-25,PORT001,NIFTY 50,-0.0016351575144703,-0.00025711604818956513,-0.001378041466280735,1.2159422929487333,1.154582386545477
2025-02-27,PORT001,NIFTY 50,-0.0031132270948093,-0.00011087678764998277,-0.003002350307159317,1.2121567884566007,1.1544543701593795
2025-02-28,PORT001,NIFTY 50,-0.0243115340342017,-0.018644959666695105,-0.005666574367506595,1.1826873974392493,1.132929614990718
2025-03-03,PORT001,NIFTY 50,0.0012241218629521,-0.00024400049223838316,0.0014681223551904832,1.1841351509394926,1.1326531796069887
2025-03-04,PORT001,NIFTY 50,-0.0023163078665524,-0.0016569416451024388,-0.000659366221449961,1.1813923293743103,1.1307764393842403
2025-03-05,PORT001,NIFTY 50,0.0134986916622185,0.011531695069225467,0.0019669965929930335,1.1973395801606441,1.143816208474684
2025-03-06,PORT001,NIFTY 50,0.0096990693966768,0.009284847776867,0.00041422161980980005,1.20895265984001,1.1544363678550844
2025-03-07,PORT001,NIFTY 50,0.0008677321559702,0.00034601398645017767,0.0005217181695200224,1.210001706937999,1.1548358189848291
2025-03-10,PORT001,NIFTY 50,-0.0031523877731479,-0.004088203913091726,0.000935816139943826,1.2061873123515596,1.1501146146706769
2025-03-11,PORT001,NIFTY 50,0.0005413147706526,0.0016740474556060647,-0.0011327326849534646,1.2068402393599091,1.1520399611150216
2025-03-12,PORT001,NIFTY 50,-0.0027274083129158,-0.0012179087892316698,-0.00150949952368413,1.2035486932587176,1.1506368815208334
2025-03-13,PORT001,NIFTY 50,-0.0033578901505395,-0.003262089461738671,-9.580068880082893e-05,1.1995073089559294,1.1468834010753364
2025-03-17,PORT001,NIFTY 50,0.0035809163992943,0.004980568336268254,-0.0013996519369739542,1.2038026443496432,1.1525955322281238
2025-03-18,PORT001,NIFTY 50,0.0001127558364179,0.01446329899483545,-0.01435054315841755,1.2039383801236891,1.1692658660308506
2025-03-19,PORT001,NIFTY 50,0.0164614623976181,0.0032100316461272094,0.013251430751490892,1.2237569664971444,1.173019246463546
2025-03-20,PORT001,NIFTY 50,0.0127471960746641,0.012356195589090069,0.00039100048557403136,1.2393564364968197,1.1875133017026167
2025-03-21,PORT001,NIFTY 50,0.0065181755560952,0.0068885519512889015,-0.00037037639519370193,1.2474347793264826,1.1956935487742417
2025-03-24,PORT001,NIFTY 50,0.0144430431082556,0.013188177230298859,0.0012548658779567411,1.2654515336190324,1.2114625672086015
2025-03-25,PORT001,NIFTY 50,0.0005422354392419,0.00043539728764163677,0.00010683815160026321,1.2661377062872037,1.2119900347244434
2025-03-26,PORT001,NIFTY 50,-0.0088738824760432,-0.007681079328545448,-0.001192803147497751,1.2549021490831243,1.2026806431223185
2025-03-27,PORT001,NIFTY 50,0.003210974762864,0.004474827877002596,-0.0012638531141385963,1.2589316082136939,1.2080624319912936
2025-03-28,PORT001,NIFTY 50,-0.0044826554626355,-0.0030773044101545244,-0.0014053510524809753,1.2532882515630503,1.2043448561415848
2025-04-01,PORT001,NIFTY 50,-0.0139529045617624,-0.015036571865236992,0.001083667303474591,1.235801240200613,1.1862356381616834
2025-04-02,PORT001,NIFTY 50,0.0050336036633117,0.0071938424586863725,-0.0021602387953746725,1.242021773850412,1.1947692304614979
2025-04-03,PORT001,NIFTY 50,-0.0025912165370507,-0.0035251486188494496,0.0009339320817987498,1.2388034264906338,1.1905574913588928
2025-04-04,PORT001,NIFTY 50,-0.0176297209124185,-0.014866619775066536,-0.0027631011373519636,1.216963667816256,1.172857925814503
2025-04-07,PORT001,NIFTY 50,-0.0274989524956194,-0.03243254628305536,0.004933593787435964,1.183498441726082,1.134819156852076
2025-04-08,PORT001,NIFTY 50,0.0164429245237543,0.016887318902814252,-0.00044439437905995083,1.202958617277365,1.1539832098508598
2025-04-09,PORT001,NIFTY 50,-0.0066139344853672,-0.006065856008070525,-0.0005480784772966749,1.1950023277940847,1.1469833138641734
2025-04-11,PORT001,NIFTY 50,0.0161222275916204,0.019170387409190415,-0.0030481598175700134,1.214268427295297,1.1689714283428267
2025-04-15,PORT001,NIFTY 50,0.0197374518190536,0.02190239778210845,-0.0021649459630548526,1.238234991874436,1.1945747055623108
2025-04-16,PORT001,NIFTY 50,0.0028976170151128,0.004657316201027051,-0.001759699185914251,1.2418229226555992,1.2001382176918634
2025-04-17,PORT001,NIFTY 50,0.0149946542862915,0.017683476937954135,-0.002688822651662634,1.2604436280656122,1.2213608341867748
2025-04-21,PORT001,NIFTY 50,0.0111135496071752,0.011483498464016417,-0.0003699488568412179,1.2744516308531673,1.2353863294501684
2025-04-22,PORT001,NIFTY 50,0.0002201682465017,0.0017284255654137493,-0.0015082573189120494,1.2747322246339834,1.2375216027651528
2025-04-23,PORT001,NIFTY 50,0.0111731073759607,0.006690840652122221,0.004482266723838479,1.2889749446554162,1.2458016626128132
2025-04-24,PORT001,NIFTY 50,-0.0020131426180435,-0.0033807460922566923,0.0013676034742131924,1.28638005426074,1.2415899235102081
2025-04-25,PORT001,NIFTY 50,-0.0069268047848879,-0.00855166336268387,0.0016248585777959698,1.2774695507457023,1.2309722644498484
2025-04-28,PORT001,NIFTY 50,0.0130144316926403,0.012028211882747275,0.0009862198098930242,1.2940950909533102,1.2457786596684364
2025-04-29,PORT001,NIFTY 50,-0.0004971618915937,0.0003061930965739812,-0.0008033549881676812,1.2934517161899899,1.246160108493886
2025-04-30,PORT001,NIFTY 50,0.0005290893088602,-7.191007773188485e-05,0.0006009993865920848,1.294136067664553,1.2460704970236178
2025-05-02,PORT001,NIFTY 50,-0.0003776611387538,0.0005136803511647248,-0.0008913414899185247,1.2936473227635366,1.2467105789541049
2025-05-05,PORT001,NIFTY 50,0.0043410039590161,0.004700890697612925,-0.0003598867385968254,1.2992630509132237,1.2525712291173259
2025-05-06,PORT001,NIFTY 50,-0.0021896797298386,-0.0033338898599493128,0.0011442101301107127,1.2964180809469108,1.2483952945977075
2025-05-07,PORT001,NIFTY 50,0.0008562833279071,0.0014274549954715887,-0.0005711716675644887,1.297528182135623,1.2501773226973043
2025-05-08,PORT001,NIFTY 50,-0.0039630439964495,-0.005758880297096702,0.0017958363006472028,1.2923860208631863,1.2429777011457457
2025-05-09,PORT001,NIFTY 50,-0.0066901023651819,-0.0109501096942064,0.0042600073290245,1.2837398260882815,1.2293669589707472
2025-05-12,PORT001,NIFTY 50,0.0356152113274792,0.038183073090219954,-0.002567861762740757,1.3294604912839172,1.2763079674198288
2025-05-13,PORT001,NIFTY 50,-0.0133796295321381,-0.01389583907654357,0.0005162095444054705,1.311672802432924,1.2585725972924524
2025-05-14,PORT001,NIFTY 50,0.0029039628077092,0.0036027960647213586,-0.0006988332570121588,1.315481851467073,1.2631069776931438
2025-05-15,PORT001,NIFTY 50,0.0148106773300103,0.01602143814146184,-0.0012107608114515413,1.3349650287026362,1.2833437680023034
2025-05-16,PORT001,NIFTY 50,-0.0018583652310629,-0.0016877607536591732,-0.00017060447740372678,1.3324841761086104,1.2811777907572162
2025-05-19,PORT001,NIFTY 50,-0.0033701591164557,-0.0029717088137536374,-0.0003984503027020625,1.327993492414965,1.2773705034244376
2025-05-20,PORT001,NIFTY 50,-0.0107151924452962,-0.010484831354666824,-0.00023036109062937564,1.3137637865776377,1.2639774891186064
2025-05-21,PORT001,NIFTY 50,0.0043507579943669,0.00524831270888626,-0.0008975547145193604,1.3194796548748,1.2706112382384938
2025-05-22,PORT001,NIFTY 50,-0.0097267907997202,-0.008211272774042211,-0.0015155180256779897,1.3066453523073458,1.260177902771554
2025-05-23,PORT001,NIFTY 50,0.008806680625501,0.009892488718005854,-0.0010858080925048533,1.3181525606159117,1.272644198457402
2025-05-26,PORT001,NIFTY 50,0.0065996947653611,0.005954979456279652,0.0006447153090814476,1.3268519651701558,1.2802227685143692
2025-05-27,PORT001,NIFTY 50,-0.008099022663178,-0.0069977248703164685,-0.001101297792861531,1.3161057610335605,1.2712641218075909
2025-05-28,PORT001,NIFTY 50,-0.0031875236474781,-0.0029706520659956714,-0.0002168715814824286,1.3119106427976839,1.267487638417717
2025-05-29,PORT001,NIFTY 50,0.0038491346883876,0.003278479228775888,0.0005706554596117122,1.3169603635609413,1.2716430703129997
2025-05-30,PORT001,NIFTY 50,-0.0031894021211067,-0.00333823496911434,0.00014883284800764002,1.3127600473839864,1.267398026947449
2025-06-02,PORT001,NIFTY 50,-0.0015908447706781,-0.0013777230725331435,-0.00021312169814495649,1.3106716499274504,1.2656519034436404
2025-06-03,PORT001,NIFTY 50,-0.0068888647373389,-0.007043833380258491,0.00015496864291959095,1.3016426102160354,1.2567368623183763
2025-06-04,PORT001,NIFTY 50,0.0031687844233218,0.003165904807986175,2.8796153356248043e-06,1.3057672350440197,1.2607155715931635
2025-06-05,PORT001,NIFTY 50,0.0047981903725868,0.005308696762106768,-0.0005105063895199683,1.3120325548200473,1.2674083282660178
2025-06-06,PORT001,NIFTY 50,0.0090901980169498,0.01018752395450262,-0.0010973259375528198,1.3239591905480461,1.2803200809703639
2025-06-09,PORT001,NIFTY 50,0.0053072885087619,0.004005448710087123,0.0013018397986747773,1.3309858239461114,1.2854483373871852
2025-06-10,PORT001,NIFTY 50,0.0025182785382054,4.18584595869298e-05,0.0024764200786184703,1.3343376169812105,1.2855021442744667
2025-06-11,PORT001,NIFTY 50,0.0021939147483443,0.0014798446727146697,0.0007140700756296304,1.337265039958376,1.2874044877744346
2025-06-12,PORT001,NIFTY 50,-0.0100131935019206,-0.010071084662786611,5.7891160866010635e-05,1.3238747463499192,1.2744389281828068
2025-06-13,PORT001,NIFTY 50,-0.0057414692566255,-0.006814458847919758,0.0010729895912942574,1.3162737601941281,1.265754316552518
2025-06-16,PORT001,NIFTY 50,0.007807983011095,0.00921979376770854,-0.0014118107566135395,1.3265512033516742,1.277424310311719
2025-06-17,PORT001,NIFTY 50,-0.0025328782521719,-0.0037319707924959866,0.0011990925403240868,1.3231912106583124,1.2726570000960113
2025-06-18,PORT001,NIFTY 50,-0.0014955984474881,-0.0016637405234334324,0.0001681420759453323,1.3212122479379218,1.2705396290725204
2025-06-19,PORT001,NIFTY 50,0.0004579679089405,-0.0007577278241026608,0.0012156957330431608,1.3218173207483765,1.269576905843947
2025-06-20,PORT001,NIFTY 50,0.0110741049966472,0.01287247095983779,-0.0017983659631905895,1.336455264544731,1.285919497695704
2025-06-23,PORT001,NIFTY 50,-0.0077743181752098,-0.0055948454872697395,-0.002179472687940061,1.326065236091226,1.278724976797029
2025-06-24,PORT001,NIFTY 50,0.0020131664542766,0.0029012296868362597,-0.0008880632325596596,1.3287348261407073,1.2824348516610116
2025-06-25,PORT001,NIFTY 50,0.0097519231762292,0.008001820520425307,0.0017501026558038937,1.3416925460868119,1.2926966651731413
2025-06-26,PORT001,NIFTY 50,0.0085649698014524,0.012052010814129765,-0.003487041012677366,1.3531841022268793,1.3082762593611974
2025-06-27,PORT001,NIFTY 50,0.0044614909779212,0.003475704773181043,0.000985786204740157,1.3592213208904311,1.3128234414004984
2025-06-30,PORT001,NIFTY 50,-0.0055331911599777,-0.004709842354665206,-0.0008233488053124944,1.351700489493227,1.3066402499519931
2025-07-01,PORT001,NIFTY 50,0.000430774102365,0.0009699396772837598,-0.0005391655749187598,1.3522827670582547,1.3079076121743576
2025-07-02,PORT001,NIFTY 50,-0.0008296934497012,-0.0034610085397696055,0.0026313150900684054,1.3511607869042825,1.3033809327593924
2025-07-03,PORT001,NIFTY 50,-0.0012458972864928,-0.00188971251922454,0.0006438152327317402,1.3494773793462629,1.3009179174934384
2025-07-04,PORT001,NIFTY 50,0.0048607416870845,0.0021924250859925998,0.0026683166010919007,1.3560368402998288,1.3037700825705683
2025-07-07,PORT001,NIFTY 50,0.0004615758401789,1.1813410706551508e-05,0.0004497624294723485,1.3566627541437037,1.3037854845420205
2025-07-08,PORT001,NIFTY 50,0.0009872553984934,0.0024036171315751087,-0.0014163617330817087,1.3580021267716669,1.3069192856685645
2025-07-09,PORT001,NIFTY 50,-0.0013888120522255,-0.00181801902732881,0.00042920697510330985,1.3561161170510585,1.3045432815400362
2025-07-10,PORT001,NIFTY 50,-0.0045072399745401,-0.004743646446198069,0.00023640647165796853,1.350003776278168,1.2983549894386472
2025-07-11,PORT001,NIFTY 50,-0.0072749372146786,-0.008100901810276007,0.0008259645955974067,1.3401825835661654,1.2878371431543227
2025-07-14,PORT001,NIFTY 50,-0.0043826066769074,-0.002685854157148504,-0.0016967525197588958,1.3343090904271533,1.2843782004096513
2025-07-15,PORT001,NIFTY 50,0.0049116266357938,0.004525103218794291,0.0003865234169995093,1.340862718496077,1.2901901443384742
2025-07-16,PORT001,NIFTY 50,0.002549769644503,0.0006449487413033861,0.0019048209031996138,1.344281609553144,1.2910222508481073
2025-07-17,PORT001,NIFTY 50,-0.0045755099820239,-0.003990217351728331,-0.0005852926302955686,1.3381308356299824,1.285870791461306
2025-07-18,PORT001,NIFTY 50,-0.0049045828630872,-0.0056965580472427835,0.0007919751841555835,1.3315678620649831,1.2785457538564926
2025-07-21,PORT001,NIFTY 50,0.0004977893157033,0.004898144302865282,-0.004400354987161982,1.3322307023198527,1.2848082554566973
2025-07-22,PORT001,NIFTY 50,-0.0035965486919655,-0.0011876443882732346,-0.0024089043036922653,1.3274392697300281,1.283282360142097
2025-07-23,PORT001,NIFTY 50,0.0057575285809651,0.006344544590244583,-0.0005870160092794827,1.335082039264994,1.291424202297893
2025-07-24,PORT001,NIFTY 50,-0.0061287384704719,-0.006256994627491075,0.00012825615701917478,1.3268996706097145,1.2833437680023032
2025-07-25,PORT001,NIFTY 50,-0.0084781529425309,-0.008981674037030651,0.0005035210944997516,1.3156500122628916,1.2718171926006518
2025-07-28,PORT001,NIFTY 50,-0.0073724646012039,-0.006284962329387578,-0.0010875022718163218,1.30595042911991,1.2638238694552892
2025-07-29,PORT001,NIFTY 50,0.0058159387112201,0.005680474234370125,0.0001354644768499745,1.3135457567755628,1.271002988382512
2025-07-30,PORT001,NIFTY 50,0.0027698805158972,0.001367835124523431,0.001402045391373769,1.3171841215739948,1.272741510913396
2025-07-31,PORT001,NIFTY 50,-0.0036982171608772,-0.0034882717656889994,-0.00020994539518820075,1.312312888651555,1.2683018426358563
2025-08-01,PORT001,NIFTY 50,-0.0092401214691613,-0.008195943742782208,-0.0010441777263790926,1.3001869581548686,1.257906912084746
2025-08-04,PORT001,NIFTY 50,0.0072297421791005,0.006407415043054421,0.0008223271360460792,1.3095869746469573,1.2659668437559999
2025-08-05,PORT001,NIFTY 50,-0.0013596468692867,-0.0029608040671041946,0.0016011571978174946,1.3078063988168198,1.262218563976188
2025-08-06,PORT001,NIFTY 50,-0.0042021826350514,-0.003056914228121266,-0.0011452684069301342,1.3023107574777026,1.2583600700889703
2025-08-07,PORT001,NIFTY 50,0.0011455352047437,0.0008932609229541644,0.00025227428178953553,1.30380260029791,1.2594841139665867
2025-08-08,PORT001,NIFTY 50,-0.0086366110558158,-0.009466912735407229,0.0008303016795914286,1.2925421643455757,1.2475606877680332
2025-08-11,PORT001,NIFTY 50,0.0093817751261432,0.009101804471857822,0.0002799706542853785,1.3046685042725241,1.2589157412148744
2025-08-12,PORT001,NIFTY 50,-0.0004973622546219,-0.003971941790719136,0.003474579536097236,1.3040196114037048,1.253915401171349
2025-08-13,PORT001,NIFTY 50,0.0037054534863413,0.005388453516712133,-0.0016830000303708326,1.308851595419038,1.2606720660244501
2025-08-14,PORT001,NIFTY 50,0.0011088399918035,0.00048543816407109475,0.0006234018277324052,1.3103029024113746,1.2612840443576767
2025-08-18,PORT001,NIFTY 50,0.0102642360281704,0.009973019276634965,0.00029121675153543497,1.3237521606701217,1.2738628544453678
2025-08-19,PORT001,NIFTY 50,0.0058287923162751,0.004168564680625764,0.0016602276356493363,1.3314680370928884,1.27917303414837
2025-08-20,PORT001,NIFTY 50,0.0045180929119903,0.0027981813736617234,0.0017199115383285763,1.3374837333938194,1.2827523923062143
2025-08-21,PORT001,NIFTY 50,0.0014988256601146,0.0013252889742787488,0.00017353668583585118,1.3394883883334159,1.2844524099084673
2025-08-22,PORT001,NIFTY 50,-0.0076436055629059,-0.008517482060098724,0.0008738764971928242,1.3292498674369027,1.2735121095500215
2025-08-25,PORT001,NIFTY 50,0.005628779838639,0.003926417350905487,0.001702362487733513,1.336731922291245,1.278512449593547
2025-08-26,PORT001,NIFTY 50,-0.0090027780183991,-0.010241179872034878,0.0012384018536357785,1.324697621524749,1.2654189736286234
2025-08-28,PORT001,NIFTY 50,-0.0069184457107595,-0.008544430103923584,0.0016259843931640833,1.3155327729470578,1.2546066896562749
2025-08-29,PORT001,NIFTY 50,-0.002777509669591,-0.0030223697933294824,0.0002448601237384825,1.3118788679495335,1.2508148042949487
2025-09-01,PORT001,NIFTY 50,0.0072045788290733,0.008114070174605414,-0.0009094913455321143,1.3213304026678714,1.2609640033924332
2025-09-02,PORT001,NIFTY 50,-0.0021493955916705,-0.0018457290617897026,-0.0003036665298807974,1.3184903409252369,1.2586366054855012
2025-09-03,PORT001,NIFTY 50,0.0035138022024441,0.0055107151470170646,-0.0019969129445729645,1.3231232551890812,1.2655725932919402
2025-09-04,PORT001,NIFTY 50,-0.0004414489108839,0.0007788776228048189,-0.001220326533688719,1.3225391638691129,1.2665583194648904
2025-09-05,PORT001,NIFTY 50,-0.0003076555087045,0.00027084730671167456,-0.0005785028154161745,1.3221322774098712,1.2669013633745108
2025-09-08,PORT001,NIFTY 50,-0.000544588076074,0.0012994782193525012,-0.001844066295426501,1.3214122599366012,1.2685476741022839
2025-09-09,PORT001,NIFTY 50,0.007065887465966,0.003852930178235292,0.003212957287730708,1.3307492102614609,1.2734352997183627
2025-09-10,PORT001,NIFTY 50,0.0040713382606594,0.0042020862308871365,-0.00013074797022773633,1.3361671404365407,1.278786384657235
2025-09-11,PORT001,NIFTY 50,0.0011124672635552,0.0012974116602184615,-0.00018494439666326152,1.3376535826389144,1.2804454970236179
2025-09-12,PORT001,NIFTY 50,0.0040725967145651,0.004339045410009845,-0.00026644869544474505,1.343101306224796,1.286001408180246
2025-09-15,PORT001,NIFTY 50,-0.0025664153319405,-0.0017838966811339896,-0.0007825186508065105,1.3396543504401515,1.2837073145362596
2025-09-16,PORT001,NIFTY 50,0.0085458842746806,0.006777256391098607,0.0017686278835819923,1.3511028814870853,1.2924073281380006
2025-09-17,PORT001,NIFTY 50,0.0049178169205754,0.003611475529465391,0.0013063413911100089,1.3577473580991009,1.2970748255776727
2025-09-18,PORT001,NIFTY 50,0.0025183779838332,0.0036853015416349333,-0.0011669235578017335,1.3611666791533452,1.30185493743199
2025-09-19,PORT001,NIFTY 50,-0.003479691743438,-0.0037976065391384095,0.0003179147957004095,1.3564302386984524,1.2969110046085888
2025-09-22,PORT001,NIFTY 50,-0.0072663522640231,-0.004923635718664832,-0.002342716545358268,1.3465739387624964,1.2905254872623684
2025-09-23,PORT001,NIFTY 50,-0.0006482120934472,-0.0013034343973540308,0.0006552223039068308,1.3457010732506698,1.2888433719516086
2025-09-24,PORT001,NIFTY 50,-0.0045753738317257,-0.00447365300760838,-0.00010172082411731998,1.3395439877747934,1.2830775339243412
2025-09-25,PORT001,NIFTY 50,-0.0084686843393395,-0.006626948212322681,-0.001841736127016819,1.3281998125836687,1.2745746455546298
2025-09-26,PORT001,NIFTY 50,-0.0085067102941054,-0.009487437927231501,0.0009807276331261008,1.3169012015653343,1.2624821977213072
2025-09-29,PORT001,NIFTY 50,-0.0014764737004047,-0.0008030448049409777,-0.0006734288954637223,1.3149568315751916,1.2614683679510967
2025-09-30,PORT001,NIFTY 50,-0.0013461419704111,-0.0009661407544825362,-0.0003800012159285637,1.3131867129949295,1.2602496119503286
2025-10-01,PORT001,NIFTY 50,0.0083251113798876,0.009150390492475902,-0.0008252791125883015,1.324119138643201,1.2717813880176654
2025-10-03,PORT001,NIFTY 50,0.0028634875187813,0.0023332467769816567,0.0005302407417996434,1.3279107372700854,1.2747487678422829
2025-10-06,PORT001,NIFTY 50,0.007290250992948,0.007367178791287232,-7.692779833923247e-05,1.337591539841015,1.28414006992895
2025-10-07,PORT001,NIFTY 50,9.692366369309149e-05,0.0012222193924698033,-0.0011252957287767118,1.3377211841135814,1.2857095708250648
2025-10-08,PORT001,NIFTY 50,-0.0020969041434557,-0.0024752925801897474,0.00037838843673404727,1.3349161110198253,1.2825270634641226
2025-10-09,PORT001,NIFTY 50,0.005253682661879,0.005416017571936882,-0.00016233491005788157,1.341929336647353,1.2894732525763288
2025-10-10,PORT001,NIFTY 50,0.0045156730129296,0.0041120501676790155,0.0004036228452505841,1.34798905073811,1.294775631280803
2025-10-13,PORT001,NIFTY 50,-0.003696584542028,-0.0022938183927065925,-0.0014027661493214074,1.3430060952503284,1.2918056511233427
2025-10-14,PORT001,NIFTY 50,-0.0155133554127426,-0.003244479132464395,-0.012268876280278205,1.3221715643732306,1.2876144146450734
2025-10-15,PORT001,NIFTY 50,0.005662659729218,0.007080820872521931,-0.0014181611433039315,1.329658572045924,1.2967317816680524
2025-10-16,PORT001,NIFTY 50,0.0104245126784772,0.010336228211479837,8.828446699736363e-05,1.3435196146882626,1.3101350972924521
2025-10-17,PORT001,NIFTY 50,0.0046459075352512,0.004867983737610659,-0.0002220762023594598,1.3497614825899007,1.3165128136401447
2025-10-20,PORT001,NIFTY 50,0.0082895141734112,0.005184813729964155,0.003104700443447045,1.3609503495305542,1.32333868735198
2025-10-21,PORT001,NIFTY 50,0.0008449132947598,0.0009847568259027106,-0.00013984353114291064,1.3621002345743807,1.3246418541573308
2025-10-23,PORT001,NIFTY 50,0.0031392714251532,0.0008814076368377499,0.00225786378831545,1.3663762369189745,1.32580940360366
2025-10-24,PORT001,NIFTY 50,-0.0049681476912788,-0.0037174505259611745,-0.0012506971653176253,1.3595878779721071,1.3208807727389094
2025-10-27,PORT001,NIFTY 50,0.0075336007125276,0.006625291500029773,0.000908309212497827,1.3698304701783415,1.3296319928950893
2025-10-28,PORT001,NIFTY 50,-0.0022675714596673,-0.001149638146805021,-0.0011179333128622788,1.3667242816995824,1.3281033972348446
2025-10-29,PORT001,NIFTY 50,0.0033153716818748,0.0045381040946781415,-0.0012227324128033417,1.3712554806800599,1.334130468699992
2025-10-30,PORT001,NIFTY 50,-0.0069850679158788,-0.0067571756478100875,-0.00022789226806871257,1.3616771680174886,1.3251155147858908
2025-10-31,PORT001,NIFTY 50,-0.0042375929879562,-0.006018660837397216,0.0017810678494410166,1.3559069343984376,1.3171400939320215
2025-11-03,PORT001,NIFTY 50,-0.000751203033059,0.0016036793506921665,-0.0023548823837511662,1.3548883729967718,1.319252364302629
2025-11-04,PORT001,NIFTY 50,-0.0060482348439897,-0.006431586779760301,0.0003833519357706013,1.3466936899294961,1.3107674782372127
2025-11-06,PORT001,NIFTY 50,0.0005252117646958,-0.0034359080045569534,0.0039611197692527534,1.3474009892988887,1.3062638017666246
2025-11-07,PORT001,NIFTY 50,-0.0031157493246521,-0.0006820322478444663,-0.0024337170768076338,1.3432028255764452,1.3053728877296278
2025-11-10,PORT001,NIFTY 50,0.0049930935220032,0.0032185728871263475,0.0017745206348768524,1.3499095629035676,1.3095743255136643
2025-11-11,PORT001,NIFTY 50,0.0047017529505788,0.0047156471705849246,-1.3894220006124836e-05,1.356256504173964,1.3157498159764434
2025-11-12,PORT001,NIFTY 50,0.0076760044168542,0.0070384090258497345,0.0006375953910044653,1.3666671350903907,1.325010601356972
2025-11-13,PORT001,NIFTY 50,0.0009248078094777,0.00012944949620363744,0.0007953583132740625,1.3679310395298787,1.3251821233117822
2025-11-14,PORT001,NIFTY 50,0.0009275463917068,0.001194026471448284,-0.00026648007974148396,1.3691998590296985,1.3267644258465066
2025-11-17,PORT001,NIFTY 50,0.0019541347038924,0.0039906690408659795,-0.0020365343369735797,1.3718754599907932,1.3320591035652545
2025-11-18,PORT001,NIFTY 50,-0.0028977851447393,-0.003974806902018679,0.0010770217572793794,1.3679000596623996,1.3267644258465066
2025-11-19,PORT001,NIFTY 50,0.0054704425743353,0.005503640675154298,-3.3198100818998023e-05,1.3753830783862124,1.3340664605069432
2025-11-20,PORT001,NIFTY 50,0.0039805698849587,0.005354541588221684,-0.0013739717032629842,1.3808578868483183,1.3412097748511793
2025-11-21,PORT001,NIFTY 50,-0.0011756117435,-0.0047342428227803435,0.003558631079280343,1.3792345341004348,1.3348601621007472
2025-11-24,PORT001,NIFTY 50,-0.0037575834009216,-0.004167936312968079,0.00041035291204647925,1.3740519453091213,1.329296549958393
2025-11-25,PORT001,NIFTY 50,-0.0032877984245316,-0.002877529180069005,-0.00041026924446259513,1.3695343394881094,1.3254714603469226
2025-11-26,PORT001,NIFTY 50,0.01189408640059,0.012381783530362567,-0.00048769712977256643,1.3858236992505562,1.3418831610446118
2025-11-27,PORT001,NIFTY 50,-0.000364027560438,0.0003911422381892571,-0.0007551697986272571,1.3853192212301209,1.3424080282276112
2025-11-28,PORT001,NIFTY 50,0.0007422422667048,-0.0004806903583736144,0.0012229326250784143,1.3863474637089963,1.341762745631439
2025-12-01,PORT001,NIFTY 50,5.6399010549653226e-05,-0.0010380212747401751,0.0010944202852898285,1.3864256523342273,1.3403699673558198
2025-12-02,PORT001,NIFTY 50,-0.0031279884095788,-0.005484113396941881,0.002356124987363081,1.382088928962983,1.3330192264609853
2025-12-03,PORT001,NIFTY 50,-0.0014483813070864,-0.0017746951904364927,0.0003263138833500927,1.380087137193542,1.3306535236510255
2025-12-04,PORT001,NIFTY 50,0.0026055446756187,0.0018375278996383138,0.0007680167759803861,1.3836830158857465,1.3330986366254862
2025-12-05,PORT001,NIFTY 50,0.0037389730662643,0.005865433091659877,-0.0021264600253955773,1.3888565694143906,1.340917837483196
2025-12-08,PORT001,NIFTY 50,-0.0059913308806972,-0.00862653945989178,0.0026352085791945803,1.380535470161199,1.3293503568456746
2025-12-09,PORT001,NIFTY 50,-0.006552726445476,-0.004657081109092687,-0.0018956453363833132,1.371489198876956,1.323159464411443
2025-12-10,PORT001,NIFTY 50,-0.0018266778860365,-0.0031598875909956137,0.0013332097049591136,1.3689839298864295,1.318978429238941
2025-12-11,PORT001,NIFTY 50,0.0050145566284517,0.0054565875164998,-0.00044203088804809984,1.3758487773262853,1.3261755504704587
2025-12-12,PORT001,NIFTY 50,0.0052028369290414,0.005729990019651465,-0.0005271530906100653,1.383007094153735,1.3337745231389602
2025-12-15,PORT001,NIFTY 50,-6.845457981009764e-05,-0.0007543469807149705,0.0006858924009048729,1.3829124209842303,1.3327683943544757
2025-12-16,PORT001,NIFTY 50,-0.0056814500400259,-0.006424068837574293,0.0007426187975483924,1.3750554731546771,1.3242065984445992
2025-12-17,PORT001,NIFTY 50,0.0003732518250246,-0.001606677033445636,0.001979928858470236,1.3755687151195422,1.322079026115341
2025-12-18,PORT001,NIFTY 50,-0.0003687473380381,-0.00011619552256891819,-0.0002525518154691818,1.3750614778175534,1.321925406452024
2025-12-19,PORT001,NIFTY 50,0.0055457603268447,0.005843362036054733,-0.00029760170921003335,1.3826872392082064,1.329649895186582
2025-12-22,PORT001,NIFTY 50,0.0084778756873272,0.00793332910611566,0.0005445465812115389,1.3944094897366672,1.3401984454010094
2025-12-23,PORT001,NIFTY 50,-0.0003818869276195,0.00018148889399149937,-0.0005633758216109994,1.3938769829807882,1.3404416765345943
2025-12-24,PORT001,NIFTY 50,-0.0024126375195125,-0.0013389838361685946,-0.0010736536833439053,1.390514063074064,1.3386468467963877
2025-12-26,PORT001,NIFTY 50,-0.003174116004288,-0.0038175521330050532,0.0006434361287170533,1.3861004101322731,1.3335364926710596
2025-12-29,PORT001,NIFTY 50,-0.0035877968160021,-0.003847631310177624,0.00025983449417552387,1.3811273634941414,1.328405535908594
2025-12-30,PORT001,NIFTY 50,-3.926595198809031e-05,-0.00012527898855285713,8.601303656476682e-05,1.3810731322133971,1.3282391146066674
2025-12-31,PORT001,NIFTY 50,0.006863252766885,0.0073538342244390265,-0.0004905814575540263,1.3905517862093313,1.3380067648659006
2026-01-01,PORT001,NIFTY 50,0.0003021410985066,0.0006487344669803274,-0.00034659336847372746,1.390971929053547,1.338874775971322
2026-01-02,PORT001,NIFTY 50,0.0058836644263287,0.006960765170238581,-0.0010771007439098809,1.3991559411105412,1.3481943688792142
2026-01-05,PORT001,NIFTY 50,-0.0016171303611062,-0.0029720587604740167,0.0013549283993678166,1.3968933235582492,1.344187455994365
2026-01-06,PORT001,NIFTY 50,-0.0017300684799449,-0.0027276473171363724,0.0009975788371914724,1.3944766024493156,1.3405209866862935
2026-01-07,PORT001,NIFTY 50,-0.0008517512217862,-0.001449622016468255,0.000597870794682055,1.3932888552994271,1.3385777379504553
2026-01-08,PORT001,NIFTY 50,-0.0130759345069411,-0.010095364158449915,-0.002980570348491184,1.3750703014782808,1.3250643082314513
2026-01-09,PORT001,NIFTY 50,-0.006456422606321,-0.007479613285493514,0.0010231906791725136,1.3661922664985358,1.31515333962747
2026-01-12,PORT001,NIFTY 50,0.0041818519991507,0.004164153963733375,1.7698035417325342e-05,1.371905480359417,1.3206298406195969
2026-01-13,PORT001,NIFTY 50,-0.004499583032099,-0.002246942885392733,-0.002252640146706267,1.3657324777383482,1.3176624607949794
2026-01-14,PORT001,NIFTY 50,-0.0036642138356081,-0.00259211846006413,-0.00107209537554397,1.36072814189768,1.3142469236062193
2026-01-16,PORT001,NIFTY 50,0.0043779626399,0.0011201764399650926,0.0032577861999349075,1.3666853588659686,1.3157191120463396
2026-01-19,PORT001,NIFTY 50,-0.0051886453290516,-0.004236324757381116,-0.0009523205716704839,1.3595941132624054,1.3101452985982183
2026-01-20,PORT001,NIFTY 50,-0.0145238081560764,-0.013796877137441155,-0.0007269310186352445,1.3398476291912516,1.2920693848812626
2026-01-21,PORT001,NIFTY 50,-0.0019584689766712,-0.0029723570791637677,0.0010138881024925675,1.337223579176014,1.28822889329834
2026-01-22,PORT001,NIFTY 50,0.0068875125595927,0.00526285960946038,0.00162465295013232,1.3464337233725723,1.2950086611086196
2026-01-23,PORT001,NIFTY 50,-0.0061966615704831,-0.009539381186706164,0.003342719616223064,1.338090329261747,1.2826550798502185
2026-01-27,PORT001,NIFTY 50,0.0020974197167676,0.005060152863462841,-0.0029627331466952414,1.3408968663011567,1.2891455106253578
2026-01-28,PORT001,NIFTY 50,0.0027625574852899,0.006647346488174222,-0.0038847890028843217,1.3446011709761587,1.2977149075081589
2026-01-29,PORT001,NIFTY 50,0.0011103752166666,0.0030048195489833507,-0.0018944443323167506,1.3460941827927115,1.3016143066312464
2026-01-30,PORT001,NIFTY 50,-0.001134771506669,-0.003865234077404689,0.002730462570735689,1.3445666734687856,1.296583262657618
2026-02-02,PORT001,NIFTY 50,-0.0047128630561983,-0.00917235522852089,0.00445949217232259,1.338229914866799,1.2846905403891677
2026-02-03,PORT001,NIFTY 50,0.0235127569760378,0.025475932330218942,-0.0019631753541811438,1.3696953896331259,1.3174192296613947
2026-02-04,PORT001,NIFTY 50,-0.0015425605831447,0.0018831648283172964,-0.0034257254114619965,1.3675825515141629,1.3199001472188419
2026-02-05,PORT001,NIFTY 50,-0.0048910659996626,-0.00516756745616076,0.00027650145649815976,1.3608936149947202,1.3130794741726919
2026-02-06,PORT001,NIFTY 50,0.003596443320936,0.0019849016468285186,0.0016115416741074814,1.3657879917468723,1.315685807783394
2026-02-09,PORT001,NIFTY 50,0.0077999384801089,0.006756581098813275,0.0010433573812956252,1.3764410540593692,1.3245753456442402
2026-02-10,PORT001,NIFTY 50,0.0027492743873291,0.0026229876069705504,0.00012628678035854967,1.380225268194963,1.3280496903603638
2026-02-11,PORT001,NIFTY 50,-2.3336169021223983e-05,0.0007209990483325601,-0.0007443352173537841,1.380193059024817,1.329007212923252
2026-02-12,PORT001,NIFTY 50,-0.0103489939424156,-0.00565042923620962,-0.00469856470620598,1.3659094494176052,1.321497751712217
2026-02-13,PORT001,NIFTY 50,-0.0122789368614708,-0.01302348257655217,0.0007445457150813701,1.3491375335297202,1.30428724876784
2026-02-16,PORT001,NIFTY 50,0.0062899470801385,0.008309432803093486,-0.0020194857229549864,1.3576235372194507,1.315125136017408
2026-02-17,PORT001,NIFTY 50,0.004289905959318,0.00166066292063749,0.00262924303868051,1.363447614522279,1.3173091155667906
2026-02-18,PORT001,NIFTY 50,0.002826042571989,0.003652002197183979,-0.0008259596251949789,1.3673007755255957,1.322119931351211
2026-02-19,PORT001,NIFTY 50,-0.0145125730374167,-0.014136684522350174,-0.0003758885150665272,1.347457723156664,1.3034295389809878
2026-02-20,PORT001,NIFTY 50,0.0048621747968747,0.004592550680687868,0.0002696241161868323,1.3540092981380505,1.3094156051974637
2026-02-23,PORT001,NIFTY 50,0.0056095524297722,0.00554333479982394,6.621762994825971e-05,1.3616046842863547,1.3166741342891872
2026-02-24,PORT001,NIFTY 50,-0.0123510740147567,-0.011214156627970318,-0.0011369173867863819,1.3447874040518946,1.301908744319271
2026-02-25,PORT001,NIFTY 50,0.002511475439223,0.002275335490801167,0.00023613994842183305,1.3481648045881474,1.304871023491005
2026-02-26,PORT001,NIFTY 50,0.0011820223619475,0.0005513894339252978,0.0006306329280222022,1.349758365534761,1.3055905155859933
2026-02-27,PORT001,NIFTY 50,-0.0123852449062612,-0.012468368500212268,8.312359395106807e-05,1.333041277613338,1.289311931927285
2026-03-02,PORT001,NIFTY 50,-0.0136053110418171,-0.012429227421638323,-0.0011760836201787778,1.3149048363998272,1.273286780707929
2026-03-04,PORT001,NIFTY 50,-0.0143256038097618,-0.015491187895474101,0.0011655840857123009,1.2960680306660237,1.253562055943159
2026-03-05,PORT001,NIFTY 50,0.0114533819180005,0.011658274570576665,-0.0002048926525761649,1.3109123928129525,1.268176426582601
2026-03-06,PORT001,NIFTY 50,-0.0105396172737294,-0.012737318930444053,0.002197701656714653,1.297095877913315,1.2520232589771476
2026-03-09,PORT001,NIFTY 50,-0.0165328800744897,-0.017275692308183932,0.000742812233694233,1.2756511473186591,1.2303936903923687
2026-03-10,PORT001,NIFTY 50,0.0089479832374804,0.009719840791548862,-0.000771857554068462,1.2870656524017392,1.2423529211739088
2026-03-11,PORT001,NIFTY 50,-0.0153979175941434,-0.01627056774308744,0.0008726501489440385,1.2672475215478047,1.222139133809126
2026-03-12,PORT001,NIFTY 50,-0.0114098796114395,-0.009540396930332928,-0.0018694826811065709,1.2527883798890493,1.2104794413684938
2026-03-13,PORT001,NIFTY 50,-0.0203516092434561,-0.02064586811222946,0.0002942588687733609,1.227292120316805,1.1854880424694347
2026-03-16,PORT001,NIFTY 50,0.0100195377928312,0.011131271353117311,-0.001111733560286111,1.239589020099163,1.1986840315560379
2026-03-17,PORT001,NIFTY 50,0.0044964421922438,0.007362598835607637,-0.002866156643363837,1.245162760470179,1.2075094612110338
2026-03-18,PORT001,NIFTY 50,0.0098210381988062,0.008339304375208911,0.0014817338235972883,1.2573915515044876,1.217579250144017
2026-03-19,PORT001,NIFTY 50,-0.0306727247805297,-0.03262077926216955,0.0019480544816398541,1.2188239265038272,1.1778608661908712
2026-03-20,PORT001,NIFTY 50,0.0086907288249506,0.004884308965338757,0.003806419859611842,1.2294163947344336,1.183613902579529
2026-03-23,PORT001,NIFTY 50,-0.0224878837419689,-0.026037751600726855,0.0035498678587579553,1.2017694217791752,1.1527952577929963
2026-03-24,PORT001,NIFTY 50,0.0170798447656854,0.017756683156527453,-0.0006768383908420522,1.2222954569473112,1.1732650779299738
2026-03-25,PORT001,NIFTY 50,0.0165587958107238,0.01719805962740728,-0.0006392638166834823,1.2425351978392771,1.193442960698968
2026-03-27,PORT001,NIFTY 50,-0.0190308316054791,-0.02088905112938999,0.0018582195239108916,1.218888719725317,1.1685130696729167
2026-03-30,PORT001,NIFTY 50,-0.0200811936526485,-0.02139385559374285,0.0013126619410943514,1.1944119793034842,1.1435140698009332
2026-04-01,PORT001,NIFTY 50,0.0130760249607372,0.015583438293735208,-0.0025074133329980076,1.21003014015826,1.1613339507456941
2026-04-02,PORT001,NIFTY 50,0.0021983176815965,0.0014858954897207788,0.0007124221918757214,1.2126901708106346,1.1630595716251668
2026-04-06,PORT001,NIFTY 50,0.0100645315253838,0.01123362266767347,-0.0011690911422896702,1.2248953292652813,1.1761249439928299
2026-04-07,PORT001,NIFTY 50,0.0073573533767937,0.0067658785769486585,0.0005914747998450416,1.23390731705227,1.1840824625552058
2026-04-08,PORT001,NIFTY 50,0.0356037074562301,0.03778379295615997,-0.0021800854999298666,1.2778389921967008,1.2288215891634118
2026-04-09,PORT001,NIFTY 50,-0.0081821164590044,-0.009261439434677166,0.0010793229756727654,1.2673835647466907,1.2174409324393511
2026-04-10,PORT001,NIFTY 50,0.0096336541670725,0.011587753764504383,-0.0019540995974318826,1.279593099706492,1.231548338187287
2026-04-13,PORT001,NIFTY 50,-0.0092069537992654,-0.008646321593950623,-0.0005606322053147775,1.2678119451556356,1.2208999751968241
2026-04-15,PORT001,NIFTY 50,0.0182431445607599,0.016300637062472756,0.0019425074982871438,1.290940821746968,1.2408014225820896
2026-04-16,PORT001,NIFTY 50,-0.0012978024446466,-0.0014258739785333319,0.00012807153388673192,1.2892654355926108,1.2390321961211026
2026-04-17,PORT001,NIFTY 50,0.0069430946135741,0.006480241406387144,0.000462853207186956,1.298216927493941,1.2470614238622533
2026-04-20,PORT001,NIFTY 50,-0.0005724176087185,0.00046394992773279853,-0.0010363675364512986,1.297473805264707,1.2476399979197326
2026-04-21,PORT001,NIFTY 50,0.0070910386238383,0.008690798564113589,-0.0015997599402752891,1.3066742421312576,1.258482985822184
2026-04-22,PORT001,NIFTY 50,-0.0063929713791859,-0.00807678861823835,0.0016838172390524512,1.298320711099393,1.2483184847660487
2026-04-23,PORT001,NIFTY 50,-0.0065191741902201,-0.008411190019346093,0.001892015829125993,1.2898567322289658,1.2378186407860192
2026-04-24,PORT001,NIFTY 50,-0.0153609381385439,-0.011380506539678703,-0.003980431598865197,1.2700433227576122,1.2237316376496177
2026-04-27,PORT001,NIFTY 50,0.0120872110178201,0.008149234824183171,0.003937976193636929,1.285394604401557,1.2337041141266067
2026-04-28,PORT001,NIFTY 50,-0.0047791740051667,-0.004026115924964935,-0.0007530580802017654,1.2792514799218195,1.2287370783460267
2026-04-29,PORT001,NIFTY 50,0.0104949802286992,0.007582657634449097,0.0029123225942501024,1.2926771989111332,1.238054170933878
2026-04-30,PORT001,NIFTY 50,-0.006583774384403,-0.007449012061355398,0.0008652376769523983,1.28416650388164,1.2288318904819802
2026-05-04,PORT001,NIFTY 50,0.0026565818133973,0.005073434414612388,-0.002416852601215088,1.287577997261226,1.2350662884849246
2026-05-05,PORT001,NIFTY 50,-0.0021817207648804,-0.0035863394542201554,0.0014046186893397553,1.284768861608198,1.2306369215259538
2026-05-06,PORT001,NIFTY 50,0.0097448378958367,0.01240589643353629,-0.0026610585376995906,1.2972887258981887,1.2459040757216908
2026-05-07,PORT001,NIFTY 50,-0.0022662043505671,-0.00017668148029703623,-0.002089522870270064,1.2943488045436164,1.245683947545284
2026-05-08,PORT001,NIFTY 50,-0.004381635401279,-0.006186630612244115,0.0018049952109651154,1.288677440000025,1.2379773611022193
2026-05-11,PORT001,NIFTY 50,-0.0151033324435977,-0.014903149402549887,-0.00020018304104781406,1.26921411621114,1.2195275995327386
2026-05-12,PORT001,NIFTY 50,-0.0203778807347269,-0.018319683541890175,-0.0020581971928367235,1.2433502223241577,1.1971862398386979
2026-05-13,PORT001,NIFTY 50,-0.0010621271605925,0.0014135784059419176,-0.0024757055665344174,1.2420296262828985,1.1988785564552247
2026-05-14,PORT001,NIFTY 50,0.0076036739562637,0.011831236369372666,-0.004227562413108966,1.2514736146051737,1.2130627720348188
2026-05-15,PORT001,NIFTY 50,0.0030067405584868,-0.0019459851637491088,0.004952725722235909,1.2552364710800832,1.2107021698777427
2026-05-18,PORT001,NIFTY 50,0.0018338629251045,0.0002727692071817778,0.0015610937179227223,1.2575384027066359,1.2110324121487535
2026-05-19,PORT001,NIFTY 50,0.0006336095519939,-0.0013509212410769411,0.001984530793070841,1.25833519105059,1.209396402739549
2026-05-20,PORT001,NIFTY 50,0.0020506483904937,0.0017359640951817301,0.00031468429531196973,1.2609155940848193,1.2114958714715467
2026-05-21,PORT001,NIFTY 50,-0.0024851539172836,-0.00018178203854768427,-0.002303371878735916,1.2577820247568154,1.2112756432823384
2026-05-22,PORT001,NIFTY 50,0.0022769860644029,0.002731024474358801,-0.00045403840995590075,1.2606459768992433,1.2145836667093373
2026-05-25,PORT001,NIFTY 50,0.0134555310889086,0.01317064277657587,0.00028488831233273136,1.2776086380335185,1.2305805143058297
2026-05-26,PORT001,NIFTY 50,-0.0047978099627955,-0.004910181295375682,0.00011237133258018214,1.2714789145814076,1.2245381408820315
2026-05-27,PORT001,NIFTY 50,0.000745680660358,-0.00027385257567613674,0.0010195332360341367,1.272427031818064,1.2242027979581374
2026-05-29,PORT001,NIFTY 50,-0.0126133243645454,-0.015033175629577955,0.0024198512650325556,1.256377496935527,1.205799142290212
2026-06-01,PORT001,NIFTY 50,-0.007265795439656,-0.007013425513053284,-0.0002523699266027161,1.2472489150478066,1.197342359822056
2026-06-02,PORT001,NIFTY 50,0.0062781223370603,0.00431736306319519,0.0019607592738651106,1.2550792963212423,1.2025117215003507
2026-06-03,PORT001,NIFTY 50,-0.007922163834026,-0.0033193946094914883,-0.004602769224534512,1.2451363525110912,1.198520110574152
2026-06-04,PORT001,NIFTY 50,8.980687491257289e-05,0.00046788683297016576,-0.00037807995805759286,1.2452481743157504,1.1990808823529397
2026-06-05,PORT001,NIFTY 50,-0.0015138693360449,-0.0021289028843615165,0.0006150335483166166,1.243363031288888,1.1965281556039158
2026-06-08,PORT001,NIFTY 50,-0.0110451238699135,-0.010429338627102713,-0.000615785242810786,1.2296299325930309,1.1840491582922599
2026-06-09,PORT001,NIFTY 50,0.0033969055355763,0.005150698844224255,-0.0017537933086479553,1.2338068693177664,1.1901478389233806
2026-06-10,PORT001,NIFTY 50,-2.834219757210231e-05,-0.0011681556778996294,0.001139813480327527,1.2337719005197103,1.1887575609678023
2026-06-11,PORT001,NIFTY 50,-0.0025514700224906,-0.0022980713363744965,-0.00025339868611610333,1.230623968500943,1.1860257112910437
2026-06-12,PORT001,NIFTY 50,0.0200475333066516,0.019916620139797336,0.0001309131668542629,1.2552949434974294,1.2096473348588603
2026-06-15,PORT001,NIFTY 50,0.0102601177801691,0.009778646829145199,0.00048147095102390146,1.2681744174665637,1.2214760489342618
2026-06-16,PORT001,NIFTY 50,0.0065205518686022,0.005669932287180934,0.0008506195814212657,1.2764436145340887,1.2284017354221324
2026-06-17,PORT001,NIFTY 50,0.0005134028999081,0.004024687267071059,-0.003511284367162959,1.2770989443873597,1.233345668245534
2026-06-18,PORT001,NIFTY 50,0.0005013663802607,0.0034169978003351087,-0.0029156314200744085,1.2777392388623419,1.2375600076809818
2026-06-19,PORT001,NIFTY 50,-0.0079816985760364,-0.006409317718677587,-0.0015723808573588124,1.2675407093989686,1.2296280923958254
2026-06-22,PORT001,NIFTY 50,0.0036971979517276,0.0037396580495980825,-4.246009787048236e-05,1.2722270583134896,1.2342264809895653
2026-06-23,PORT001,NIFTY 50,-0.0101775697752353,-0.011567105067506356,0.0013895352922710554,1.2592788786575617,1.2199500536068604
2026-06-24,PORT001,NIFTY 50,0.0081186448016517,0.008292056551520766,-0.0001734117498690662,1.2695025165796048,1.2300659484413992
2026-06-25,PORT001,NIFTY 50,0.0020504166690754,0.0014299437722400388,0.0006204728968353611,1.2721055257010327,1.2318248735838175
2026-06-29,PORT001,NIFTY 50,-0.0063909679302045,-0.004562271366810755,-0.0018286965633937452,1.2639755400824415,1.2262049542341409
2026-06-30,PORT001,NIFTY 50,-0.0053802681220258,-0.0033616954637991636,-0.002018572658226636,1.2571750127771155,1.222082826601804
2026-07-01,PORT001,NIFTY 50,0.0043412366906406,0.0058703208311072785,-0.0015290841404666782,1.26263270706914,1.229256844876143
2026-07-02,PORT001,NIFTY 50,0.00902552448306,0.007075342557701703,0.0019501819253582974,1.2740286294799048,1.2379542581450413
2026-07-03,PORT001,NIFTY 50,0.0034317868051249,0.003935786500487426,-0.000503999695362526,1.2784008241199052,1.2428265818024695
2026-07-06,PORT001,NIFTY 50,0.0025543856575128,0.006571669412775316,-0.004017283755262516,1.2816663528495895,1.250994027235485
2026-07-07,PORT001,NIFTY 50,0.0010930750862693,-0.0012955357222089736,0.0023886108084782737,1.2830673104087988,1.2493733197849313
2026-07-08,PORT001,NIFTY 50,-0.021109849479269,-0.02117524515827318,6.539567900418208e-05,1.2559819526142986,1.2229175334442797
2026-07-09,PORT001,NIFTY 50,0.0001615007586092,0.0033812004144717633,-0.0032196996558625634,1.2561847946524451,1.2270524627152262
2026-07-10,PORT001,NIFTY 50,0.0104939698670078,0.01018660596494203,0.00030736390206576904,1.2693671600349214,1.239551962651218
2026-07-13,PORT001,NIFTY 50,0.0038901605025127,0.0001693570555851842,0.003720803446927516,1.2743052020240762,1.2397618895218574
2026-07-14,PORT001,NIFTY 50,-0.0066362624268614,-0.006565165369047166,-7.10970578142343e-05,1.2658485782915296,1.231622647698904
2026-07-15,PORT001,NIFTY 50,-0.0001823877142879,0.0010996658451518648,-0.001282053559439765,1.2656177030627005,1.2329770210586941
2026-07-16,PORT001,NIFTY 50,0.0020244462484601,-0.00023880225097083763,0.002263248499430938,1.2681798780736506,1.23268258337067
2026-07-17,PORT001,NIFTY 50,0.0118794004379158,0.010865014643113069,0.0010143857948027302,1.2832450946725946,1.2460756976893028
2026-07-20,PORT001,NIFTY 50,-0.0026495204289564,-0.003936861885253551,0.0012873414562971507,1.2798451105789015,1.2411700697689292
2026-07-21,PORT001,NIFTY 50,-0.0030471768885635,-0.002095871495760848,-0.0009513053928026519,1.2759451961370045,1.238568736798309
2026-07-22,PORT001,NIFTY 50,-0.0085584855322692,-0.0079151479856997,-0.0006433375465695005,1.2650250376358976,1.2287652819560893
2026-07-23,PORT001,NIFTY 50,-0.0038916111115254,-0.0052779242850445884,0.0013863131735191883,1.260102052143076,1.2222799518338336
2026-07-24,PORT001,NIFTY 50,-0.0021865834297168,-0.004279518395644999,0.002092934965928199,1.2573467338761077,1.2170491822953327
2026-07-27,PORT001,NIFTY 50,0.0101577426354971,0.009613989195766948,0.0005437534397301526,1.270118538402404,1.228749879984637
2026-07-28,PORT001,NIFTY 50,0.0004943732918026,-0.0004417249460887396,0.0009360982378913396,1.2707464510852136,1.2282071105101442
2026-07-29,PORT001,NIFTY 50,0.0124520129696994,0.011042140877174367,0.001409872092525034,1.2865698023753263,1.2417691464507445
2026-07-30,PORT001,NIFTY 50,0.0048547317596576,0.0027608503860552247,0.0020938813736023753,1.2928157536559342,1.2451974852781145
2026-07-31,PORT001,NIFTY 50,0.0013091532142911,0.0027326071386892803,-0.0014234539243981803,1.294508247555319,1.2486001208154633
2026-08-03,PORT001,NIFTY 50,0.0171909547878207,0.01602311299947612,0.00116784178834458,1.3167620803115032,1.268606581642449
2026-08-04,PORT001,NIFTY 50,-0.0074939729717582,-0.006434102501316152,-0.0010598704704420474,1.3068943008714127,1.2604442368623172
2026-08-05,PORT001,NIFTY 50,-9.512768702907576e-05,0.00039610154196334513,-0.0004912292289924209,1.3067699790393792,1.2609435007680971
2026-08-06,PORT001,NIFTY 50,-0.0008158773787872,0.0004609043862535689,-0.0012767817650407689,1.3057038149742028,1.261524675158419
2026-08-07,PORT001,NIFTY 50,0.0014773802939611,-0.0026526063230638552,0.004129986617024955,1.3076328360601956,1.2581783468283927
2026-08-10,PORT001,NIFTY 50,-0.0009391762313953,0.0005352072662276885,-0.0014743834976229885,1.3064047383811759,1.2588517330218256
2026-08-11,PORT001,NIFTY 50,-0.0040194363897522,-0.00455997685213505,0.0005405404623828507,1.301153727635982,1.253111398258976
2026-08-12,PORT001,NIFTY 50,-0.0028404665744968,-0.0014608711753293369,-0.0013795953991674634,1.29745784396435,1.251280763937783
2026-08-13,PORT001,NIFTY 50,7.587814925793653e-05,-0.0016410088683697088,0.0017168870176276453,1.2975562926642903,1.2492274011073408
2026-08-14,PORT001,NIFTY 50,-0.0034102173876745,-0.001223552770366676,-0.002186664617307824,1.29313134363356,1.247698905459898
2026-08-17,PORT001,NIFTY 50,-0.0053602172340297,-0.003215530221415075,-0.0021446870126146248,1.2861998787195514,1.243686891922165
2026-08-18,PORT001,NIFTY 50,-0.0072047379141921,-0.00546574073098649,-0.0017389971832056095,1.2769331456881114,1.2368892218203922
2026-08-19,PORT001,NIFTY 50,-0.0032410927392379,-0.003171182995427735,-6.990974381016531e-05,1.2727944869411294,1.2329668197529275
2026-08-20,PORT001,NIFTY 50,0.0064531413154364,0.006377062464663963,7.607885077243713e-05,1.281008009630869,1.24082952617935
2026-08-21,PORT001,NIFTY 50,0.0001038960035224,0.000831566345525836,-0.0007276703420034359,1.2811411012435499,1.2418613582538556
2026-08-24,PORT001,NIFTY 50,-0.0015661081637772,-0.0013586186190829297,-0.0002074895446942703,1.2791346957059417,1.2401741422902122
2026-08-25,PORT001,NIFTY 50,0.0041702816745407,0.004768973030496282,-0.000598691355955582,1.2844690476867135,1.246088499327913
2026-08-26,PORT001,NIFTY 50,-0.0065185443152337,-0.00521073030646213,-0.0013078140087715694,1.2760961792778216,1.2395954682199313
2026-08-27,PORT001,NIFTY 50,-0.0044830975794593,-0.00482904816122931,0.00034595058177001,1.270375315585344,1.2336094020034556
2026-08-28,PORT001,NIFTY 50,0.0060403564262357,0.0035200411203846205,0.0025203153058510792,1.278048835286571,1.2379517578250008
2026-08-31,PORT001,NIFTY 50,-0.0047132052100673,-0.003939914685270995,-0.0007732905247963048,1.2720251288573778,1.233074333514689
2026-09-01,PORT001,NIFTY 50,0.0004004319213549,-0.0010215614763854353,0.0014219933977403353,1.272534488323738,1.2318146722780507
2026-09-02,PORT001,NIFTY 50,-0.0053919712337226,-0.005875986577431824,0.00048401534370922424,1.2656730189687764,1.2245765457978612
2026-09-03,PORT001,NIFTY 50,-0.0038618265811944,-0.0017144446700387839,-0.002147381911155616,1.260785209261022,1.2224770770658635
2026-09-04,PORT001,NIFTY 50,0.0012330482414756,0.0010157727849795517,0.00021727545649604827,1.2623398182461798,1.2237188360110083
2026-09-07,PORT001,NIFTY 50,-0.0070092185753665,-0.004960679563327464,-0.0020485390120390367,1.2534918025437038,1.2176483589899496
2026-09-08,PORT001,NIFTY 50,-0.0066254860132015,-0.00605786072604142,-0.00056762528716008,1.245186810138288,1.2102720148178956
2026-09-09,PORT001,NIFTY 50,-0.0124153655683067,-0.008614290302979777,-0.003801075265326923,1.2297273606895873,1.199846380336682
2026-09-10,PORT001,NIFTY 50,0.0023883640124402,0.0019760058574995742,0.0004123581549406257,1.2326643972629714,1.2022172838123268
2026-09-11,PORT001,NIFTY 50,-0.0020628845971174,-0.0033947460674703667,0.0013318614703529668,1.2301215528644425,1.19813606141586
2026-09-15,PORT001,NIFTY 50,-0.0076749668669417,-0.011945414570677881,0.0042704477037361814,1.220680410703897,1.1838238294501684
2026-09-16,PORT001,NIFTY 50,0.0012881340429647,0.004282266299549198,-0.0029941322565844976,1.222252810696505,1.1888932783396262
2026-09-17,PORT001,NIFTY 50,0.0031956964708701,0.0022827510548764085,0.0009129454159936914,1.2261587596901589,1.1916072257248915
2026-09-18,PORT001,NIFTY 50,-0.0014348741918103,0.0032573626173113546,-0.004692236809121654,1.2243993761308174,1.1954887225564859
2026-09-21,PORT001,NIFTY 50,0.0032584266224184,0.002908387995104622,0.00035003862731377774,1.2283889916544746,1.198965667605452
2026-09-22,PORT001,NIFTY 50,-0.0042699941750053,-0.00364310606782281,-0.0006268881071824902,1.2231437778154695,1.1945977085066875
2026-09-23,PORT001,NIFTY 50,0.0041525602043357,0.0050495426829269,-0.0008969824785911998,1.2282229559914069,1.2006298806247186
2026-09-24,PORT001,NIFTY 50,-0.0149382539719562,-0.016364755919359375,0.0014265019474031752,1.2098754495406203,1.1809818656788056
2026-09-25,PORT001,NIFTY 50,0.0040268266813238,0.003356027244210358,0.0006707994371134424,1.214747408281909,1.1849452729949421
2026-09-28,PORT001,NIFTY 50,-0.0141525530407853,-0.015567943648581495,0.0014153906077961943,1.1975556311550428,1.1664981117583038
2026-09-29,PORT001,NIFTY 50,-0.0053737528010687,-0.002811680348108525,-0.002562072452960175,1.1911202632276878,1.1632182919413672
2026-09-30,PORT001,NIFTY 50,1.3863895526290086e-06,-0.004215053719064388,0.0042164401086170165,1.1911219145843768,1.158315264353836
