sector,market_value,exposure_pct,number_of_positions,sector_rank
Financials,239998448.49523926,23.999844849523924,6,1
Information Technology,159998903.55322266,15.999890355322266,4,2
Energy,99998815.0,9.9998815,1,3
Automobile,99990278.0,9.9990278,3,4
Consumer Staples,79998268.33032227,7.999826833032227,2,5
Industrials,59998320.0,5.9998320000000005,1,6
Healthcare,59998221.99682617,5.999822199682617,2,7
Utilities,49999816.75,4.999981675000001,2,8
Telecommunication,49998949.0,4.9998949,1,9
Consumer Discretionary,49998223.212890625,4.999822321289063,2,10
Materials,49992228.0,4.9992228,1,11
