valuation_date,portfolio_id,risk_contribution_rank,sector,security_count,portfolio_weight_pct,risk_contribution_pct,risk_minus_weight_pct,risk_to_weight_ratio,component_annualized_volatility
2026-09-30,PORT001,1,Financials,6,23.999844849523924,24.38229116340476,0.38244631388083405,1.0159353660941863,0.031708013055967196
2026-09-30,PORT001,2,Information Technology,4,15.999890355322266,15.829469865101554,-0.17042049022071204,0.9893486463696908,0.0205854746704447
2026-09-30,PORT001,3,Automobile,3,9.9990278,12.622444219975398,2.6234164199753973,1.2623671493317978,0.0164148899479104
2026-09-30,PORT001,4,Energy,1,9.9998815,11.248353794091766,1.2484722940917656,1.1248487088663766,0.0146279505306095
2026-09-30,PORT001,5,Industrials,1,5.9998320000000005,8.300891709380974,2.301059709380973,1.3835206901428194,0.010794915905699
2026-09-30,PORT001,6,Materials,1,4.9992228,5.8752355287594105,0.8760127287594104,1.1752297834694245,0.0076404651065931
2026-09-30,PORT001,7,Utilities,2,4.999981675000001,5.065774718820249,0.06579304382024809,1.0131586569905275,0.0065877997209721
2026-09-30,PORT001,8,Consumer Staples,2,7.999826833032227,4.752684062692999,-3.247142770339228,0.5940983676132346,0.0061806401744942
2026-09-30,PORT001,9,Consumer Discretionary,2,4.999822321289063,4.241092259178122,-0.7587300621109412,0.8482485949790064,0.0055153393019691
2026-09-30,PORT001,10,Telecommunication,1,4.9998949,4.202159919048036,-0.7977349809519643,0.8404496500612514,0.0054647096404303
2026-09-30,PORT001,11,Healthcare,2,5.999822199682617,3.4796027595467436,-2.5202194401358735,0.5799509791691511,0.004525058329829201
