valuation_date,portfolio_id,ticker,portfolio_weight_pct,standalone_annualized_volatility,marginal_daily_risk,component_daily_volatility,component_annualized_volatility,risk_contribution_pct,security_id,company_name,sector,risk_to_weight_ratio,risk_contribution_rank
2026-09-30,PORT001,RELIANCE.NS,9.9998815,0.21021315813727107,0.009214851885172976,0.0009214742689178137,0.014627950530609545,11.248353794091766,1,Reliance Industries,Energy,1.1248487088663766,1
2026-09-30,PORT001,LT.NS,5.9998320000000005,0.25362216255419334,0.011333913742575006,0.0006800157835794129,0.01079491590569908,8.300891709380974,9,Larsen & Toubro,Industrials,1.3835206901428194,2
2026-09-30,PORT001,ULTRACEMCO.NS,4.9992228,0.2279538703106207,0.009627577735879434,0.0004813040612598084,0.0076404651065931015,5.8752355287594105,22,UltraTech Cement,Materials,1.1752297834694245,3
2026-09-30,PORT001,HDFCBANK.NS,5.999996043347168,0.20258950093973427,0.007885178022427525,0.00047311036935653196,0.0075103942800197835,5.775215866228758,2,HDFC Bank,Financials,0.9625366124419953,4
2026-09-30,PORT001,INFY.NS,4.999925237207032,0.2620244194823622,0.008292905150552997,0.0004146390575201411,0.0065821909803149975,5.061461804367862,4,Infosys,Information Technology,1.0123074974607429,5
2026-09-30,PORT001,M&M.NS,3.4998799999999997,0.2879863686854752,0.011436203614374326,0.00040025340305876414,0.006353825795404736,4.885857409975863,18,Mahindra & Mahindra,Automobile,1.396007123094467,6
2026-09-30,PORT001,SBIN.NS,3.9999635999999996,0.24414740773946014,0.009589683913581941,0.0003835838658983331,0.0060892050966224335,4.682373864217721,7,State Bank of India,Financials,1.1706041185519092,7
2026-09-30,PORT001,TCS.NS,4.999978218115234,0.2360541055622461,0.0075037138315657845,0.0003751840571279892,0.005955862266221459,4.579838151568353,5,Tata Consultancy Services,Information Technology,0.9159716206313285,8
2026-09-30,PORT001,TMPV.NS,2.999997,0.3785484318361729,0.012100975649256069,0.0003630289064484126,0.005762905231141394,4.431461316884793,19,Tata Motors Passenger Vehicles,Automobile,1.4771552494501803,9
2026-09-30,PORT001,ICICIBANK.NS,4.999990915283203,0.19087418907500797,0.007172919840342175,0.0003586453403776552,0.005693318277068326,4.377951518828724,3,ICICI Bank,Financials,0.8755918946666233,10
2026-09-30,PORT001,AXISBANK.NS,3.9999476,0.2388510315691229,0.008944106616094337,0.0003577595779319066,0.00567925723415554,4.367139096058633,10,Axis Bank,Financials,1.0917990765825614,11
2026-09-30,PORT001,BHARTIARTL.NS,4.9998949,0.213307375781799,0.006885031721345819,0.00034424434989895183,0.005464709640430377,4.202159919048036,6,Bharti Airtel,Telecommunication,0.8404496500612514,12
2026-09-30,PORT001,MARUTI.NS,3.4991508,0.2219184585341536,0.007737836332667793,0.00027075856193723574,0.004298158921364428,3.3051254931147427,12,Maruti Suzuki,Automobile,0.944550744459125,13
2026-09-30,PORT001,WIPRO.NS,2.9999929,0.2659700530197647,0.008967591685745041,0.00026902711387334155,0.0042706730354538985,3.2839898618163783,24,Wipro,Information Technology,1.0946658779813707,14
2026-09-30,PORT001,TECHM.NS,2.999994,0.2612601118859749,0.007930442051610281,0.00023791278572178533,0.0037767483884546555,2.904180047348961,23,Tech Mahindra,Information Technology,0.9680619519068908,15
2026-09-30,PORT001,KOTAKBANK.NS,2.9999814,0.22427894484251765,0.007607557585213477,0.00022822531255069345,0.0036229645193947392,2.7859259307937734,11,Kotak Mahindra Bank,Financials,0.9286477345472121,16
2026-09-30,PORT001,TITAN.NS,2.999898,0.2253708073796933,0.007382371889358645,0.0002214636266614322,0.00351562608355562,2.7033866373024296,14,Titan Company,Consumer Discretionary,0.9011595185244397,17
2026-09-30,PORT001,NTPC.NS,2.499989225,0.2515720337324289,0.008762409774455157,0.00021905930021172575,0.0034774585844163913,2.6740372398693877,17,NTPC,Utilities,1.069619506007826,18
2026-09-30,PORT001,ITC.NS,3.999974625,0.186423075886627,0.005209835322019381,0.00020839209088506229,0.0033081218860478694,2.5438235718926774,8,ITC,Consumer Staples,0.6359599273439585,19
2026-09-30,PORT001,BAJFINANCE.NS,1.9999652908935546,0.27577419161732186,0.009804800559414163,0.00019609260802962034,0.0031128736487066573,2.393684887277148,15,Bajaj Finance,Financials,1.1968632146649332,20
2026-09-30,PORT001,POWERGRID.NS,2.49999245,0.25277723282933345,0.007837346659168661,0.00019593307475954377,0.0031103411365558764,2.391737478950861,20,Power Grid Corporation,Utilities,0.9566978808079445,21
2026-09-30,PORT001,HINDUNILVR.NS,3.9998522080322263,0.2017869886145062,0.004523958239097752,0.00018095164351700726,0.0028725182884464864,2.2088604908003213,16,Hindustan Unilever,Consumer Staples,0.5522355266938714,22
2026-09-30,PORT001,DRREDDY.NS,2.999889,0.21645594709086313,0.004778300178110161,0.00014334370143010713,0.002275510715949343,1.749783713151421,25,Dr. Reddy's Laboratories,Healthcare,0.58328281918145,23
2026-09-30,PORT001,SUNPHARMA.NS,2.999933199682617,0.19627870702730504,0.004723711172853587,0.00014170817973155187,0.00224954761387998,1.7298190463953225,13,Sun Pharmaceutical,Healthcare,0.5766191882467021,24
2026-09-30,PORT001,ASIANPAINT.NS,1.9999243212890625,0.21238813746823285,0.006298742946767313,0.00012597009212787888,0.001999713218413577,1.5377056218756924,21,Asian Paints,Consumer Discretionary,0.7688819049335605,25
