portfolio_id,valuation_date,security_id,ticker,company_name,sector,quantity,market_price,market_value,actual_weight_pct,exposure_rank
PORT001,2026-09-30,1,RELIANCE.NS,Reliance Industries,Energy,84245,1187.0,99998815.0,9.9998815,1
PORT001,2026-09-30,2,HDFCBANK.NS,HDFC Bank,Financials,84662,708.7000122070312,59999960.43347168,5.999996043347168,2
PORT001,2026-09-30,9,LT.NS,Larsen & Toubro,Industrials,15957,3760.0,59998320.0,5.9998320000000005,3
PORT001,2026-09-30,3,ICICIBANK.NS,ICICI Bank,Financials,37830,1321.699951171875,49999909.15283203,4.999990915283203,4
PORT001,2026-09-30,5,TCS.NS,Tata Consultancy Services,Information Technology,24383,2050.60009765625,49999782.181152344,4.999978218115234,5
PORT001,2026-09-30,4,INFY.NS,Infosys,Information Technology,50296,994.0999755859376,49999252.37207032,4.999925237207032,6
PORT001,2026-09-30,6,BHARTIARTL.NS,Bharti Airtel,Telecommunication,28457,1757.0,49998949.0,4.9998949,7
PORT001,2026-09-30,22,ULTRACEMCO.NS,UltraTech Cement,Materials,4563,10956.0,49992228.0,4.9992228,8
PORT001,2026-09-30,8,ITC.NS,ITC,Consumer Staples,152235,262.75,39999746.25,3.999974625,9
PORT001,2026-09-30,7,SBIN.NS,State Bank of India,Financials,41688,959.5,39999636.0,3.9999636,10
PORT001,2026-09-30,10,AXISBANK.NS,Axis Bank,Financials,32626,1226.0,39999476.0,3.9999476,11
PORT001,2026-09-30,16,HINDUNILVR.NS,Hindustan Unilever,Consumer Staples,21286,1879.0999755859375,39998522.080322266,3.9998522080322263,12
PORT001,2026-09-30,18,M&M.NS,Mahindra & Mahindra,Automobile,11864,2950.0,34998800.0,3.4998799999999997,13
PORT001,2026-09-30,12,MARUTI.NS,Maruti Suzuki,Automobile,2924,11967.0,34991508.0,3.4991508,14
PORT001,2026-09-30,19,TMPV.NS,Tata Motors Passenger Vehicles,Automobile,105820,283.5,29999970.0,2.999997,15
PORT001,2026-09-30,23,TECHM.NS,Tech Mahindra,Information Technology,19685,1524.0,29999940.0,2.999994,16
PORT001,2026-09-30,24,WIPRO.NS,Wipro,Information Technology,189274,158.5,29999929.0,2.9999929,17
PORT001,2026-09-30,11,KOTAKBANK.NS,Kotak Mahindra Bank,Financials,71942,417.0,29999814.0,2.9999814,18
PORT001,2026-09-30,13,SUNPHARMA.NS,Sun Pharmaceutical,Healthcare,16514,1816.5999755859375,29999331.996826172,2.999933199682617,19
PORT001,2026-09-30,14,TITAN.NS,Titan Company,Consumer Discretionary,6540,4587.0,29998980.0,2.999898,20
PORT001,2026-09-30,25,DRREDDY.NS,Dr. Reddy's Laboratories,Healthcare,24330,1233.0,29998890.0,2.999889,21
PORT001,2026-09-30,20,POWERGRID.NS,Power Grid Corporation,Utilities,95969,260.5,24999924.5,2.49999245,22
PORT001,2026-09-30,17,NTPC.NS,NTPC,Utilities,77459,322.75,24999892.25,2.499989225,23
PORT001,2026-09-30,15,BAJFINANCE.NS,Bajaj Finance,Financials,20846,959.4000244140624,19999652.908935543,1.9999652908935543,24
PORT001,2026-09-30,21,ASIANPAINT.NS,Asian Paints,Consumer Discretionary,8324,2402.60009765625,19999243.212890625,1.9999243212890625,25
