portfolio_id,security_id,ticker,target_weight_pct
PORT001,1,RELIANCE.NS,10
PORT001,2,HDFCBANK.NS,6
PORT001,3,ICICIBANK.NS,5
PORT001,4,INFY.NS,5
PORT001,5,TCS.NS,5
PORT001,6,BHARTIARTL.NS,5
PORT001,7,SBIN.NS,4
PORT001,8,ITC.NS,4
PORT001,9,LT.NS,6
PORT001,10,AXISBANK.NS,4
PORT001,11,KOTAKBANK.NS,3
PORT001,12,MARUTI.NS,3.5
PORT001,13,SUNPHARMA.NS,3
PORT001,14,TITAN.NS,3
PORT001,15,BAJFINANCE.NS,2
PORT001,16,HINDUNILVR.NS,4
PORT001,17,NTPC.NS,2.5
PORT001,18,M&M.NS,3.5
PORT001,19,TMPV.NS,3
PORT001,20,POWERGRID.NS,2.5
PORT001,21,ASIANPAINT.NS,2
PORT001,22,ULTRACEMCO.NS,5
PORT001,23,TECHM.NS,3
PORT001,24,WIPRO.NS,3
PORT001,25,DRREDDY.NS,3