Date,Adj Close,Close,High,Low,Open,Volume
2023-10-03,1072.2659912109375,1092.3399658203125,1117.3800048828125,1090.0,1117.3800048828125,2065240
2023-10-04,1063.6473388671875,1083.56005859375,1099.800048828125,1080.300048828125,1093.0,2109530
2023-10-05,1061.5760498046875,1081.449951171875,1095.0,1080.0,1092.0,2058530
2023-10-06,1065.0411376953125,1084.97998046875,1097.43994140625,1081.8399658203125,1087.0,1572990
2023-10-09,1078.7740478515625,1098.969970703125,1105.469970703125,1080.030029296875,1082.010009765625,2368110
2023-10-10,1075.5740966796875,1095.7099609375,1097.4000244140625,1085.5999755859375,1096.800048828125,1519630
2023-10-11,1093.0567626953125,1113.52001953125,1117.5999755859375,1102.0,1102.0,1961240
2023-10-12,1085.7142333984375,1106.0400390625,1116.81005859375,1103.0,1113.52001953125,1695245
2023-10-13,1071.971435546875,1092.0400390625,1104.8199462890625,1084.3199462890625,1085.43994140625,1633255
2023-10-16,1078.430419921875,1098.6199951171875,1101.4000244140625,1092.0,1097.800048828125,859220
2023-10-17,1088.4429931640625,1108.8199462890625,1114.5999755859375,1097.010009765625,1097.4000244140625,1626760
2023-10-18,1114.6229248046875,1135.489990234375,1138.949951171875,1108.3599853515625,1108.9000244140625,3014855
2023-10-19,1105.4842529296875,1126.1800537109375,1134.949951171875,1122.0999755859375,1134.949951171875,2525845
2023-10-20,1093.3905029296875,1113.8599853515625,1124.010009765625,1110.199951171875,1124.010009765625,1141375
2023-10-23,1089.984375,1110.3900146484375,1133.3900146484375,1105.0999755859375,1105.0999755859375,1809785
2023-10-25,1082.5042724609375,1102.77001953125,1122.43994140625,1100.0,1120.0,2104480
2023-10-26,1064.462158203125,1084.3900146484375,1103.5,1068.1800537109375,1099.5999755859375,1544145
2023-10-27,1059.6224365234375,1079.4599609375,1090.7900390625,1070.199951171875,1084.3800048828125,2159725
2023-10-30,1049.4234619140625,1069.0699462890625,1078.7900390625,1041.1099853515625,1078.7900390625,2691600
2023-10-31,1053.7821044921875,1073.510009765625,1088.18994140625,1070.6199951171875,1074.800048828125,1884070
2023-11-01,1049.6395263671875,1069.2900390625,1084.0799560546875,1062.9000244140625,1077.0,1376665
2023-11-02,1048.0787353515625,1067.699951171875,1083.0,1064.6800537109375,1076.0,2365835
2023-11-03,1033.26611328125,1052.6099853515625,1075.4000244140625,1049.4200439453125,1075.4000244140625,2921805
2023-11-06,1048.000244140625,1067.6199951171875,1071.4300537109375,1056.6400146484375,1060.0,2847485
2023-11-07,1061.0067138671875,1080.8699951171875,1094.6099853515625,1063.9599609375,1074.800048828125,3498735
2023-11-08,1070.6658935546875,1090.7099609375,1100.0699462890625,1081.3199462890625,1085.780029296875,2096955
2023-11-09,1071.5296630859375,1091.5899658203125,1099.7900390625,1088.0,1095.780029296875,1642660
2023-11-10,1065.0411376953125,1084.97998046875,1090.1400146484375,1074.4000244140625,1087.989990234375,1144920
2023-11-13,1064.0498046875,1083.969970703125,1096.3599853515625,1076.4200439453125,1086.0,855910
2023-11-15,1064.0694580078125,1083.989990234375,1091.030029296875,1081.0,1086.18994140625,1422405
2023-11-16,1088.4725341796875,1108.8499755859375,1115.0,1084.1700439453125,1085.0,1695060
2023-11-17,1101.6851806640625,1122.31005859375,1127.9000244140625,1109.0,1113.0,2120630
2023-11-20,1100.2322998046875,1120.8299560546875,1131.219970703125,1117.1800537109375,1122.989990234375,2001625
2023-11-21,1108.5369873046875,1129.2900390625,1135.7900390625,1121.0999755859375,1122.0,1903465
2023-11-22,1112.09033203125,1132.9100341796875,1146.0,1131.02001953125,1131.02001953125,2124580
2023-11-23,1108.1837158203125,1128.9300537109375,1136.8900146484375,1121.77001953125,1135.0,1511300
2023-11-24,1108.4779052734375,1129.22998046875,1151.3699951171875,1123.0,1129.989990234375,2305405
2023-11-28,1114.299072265625,1135.1600341796875,1142.8900146484375,1129.4000244140625,1129.4000244140625,1555790
2023-11-29,1122.0635986328125,1143.0699462890625,1148.800048828125,1130.800048828125,1139.5799560546875,1602385
2023-11-30,1136.3560791015625,1157.6300048828125,1160.0,1143.199951171875,1145.0,4267760
2023-12-01,1128.74853515625,1149.8800048828125,1171.31005859375,1147.8900146484375,1160.0,1391500
2023-12-04,1130.044189453125,1151.199951171875,1160.0,1145.6800537109375,1160.0,1121300
2023-12-05,1134.05908203125,1155.2900390625,1163.800048828125,1148.4000244140625,1153.0,1121875
2023-12-06,1125.008544921875,1146.0699462890625,1164.0,1141.6099853515625,1159.199951171875,2659705
2023-12-07,1135.75732421875,1157.02001953125,1169.97998046875,1150.0699462890625,1154.0699462890625,3791150
2023-12-08,1131.59521484375,1152.780029296875,1156.969970703125,1142.4000244140625,1156.969970703125,1142525
2023-12-11,1074.5826416015625,1094.699951171875,1115.5999755859375,1074.0,1100.0,9493150
2023-12-12,1087.7069091796875,1108.0699462890625,1126.9599609375,1095.47998046875,1100.0,4281525
2023-12-13,1099.152587890625,1119.72998046875,1122.0,1106.0699462890625,1112.8900146484375,3111975
2023-12-14,1094.1856689453125,1114.6700439453125,1125.3199462890625,1113.5799560546875,1122.3699951171875,3164560
2023-12-15,1097.346435546875,1117.8900146484375,1123.0,1108.4000244140625,1120.0,3636220
2023-12-18,1097.660400390625,1118.2099609375,1137.800048828125,1114.989990234375,1117.0,3279260
2023-12-19,1106.7698974609375,1127.489990234375,1129.199951171875,1118.5999755859375,1124.0,1123370
2023-12-20,1095.3243408203125,1115.8299560546875,1134.219970703125,1110.4100341796875,1130.0,1307230
2023-12-21,1090.4847412109375,1110.9000244140625,1118.800048828125,1094.239990234375,1108.0,1681900
2023-12-22,1104.8558349609375,1125.5400390625,1131.199951171875,1112.0,1115.5999755859375,1315040
2023-12-26,1105.7296142578125,1126.4300537109375,1139.0,1120.510009765625,1125.5,1658265
2023-12-27,1121.896728515625,1142.9000244140625,1144.4000244140625,1120.260009765625,1126.9599609375,1473880
2023-12-28,1150.1773681640625,1171.7099609375,1178.1600341796875,1134.1800537109375,1143.77001953125,4888545
2023-12-29,1138.2701416015625,1159.5799560546875,1168.9000244140625,1152.199951171875,1166.02001953125,1452615
2024-01-01,1142.932861328125,1164.3299560546875,1172.0,1160.0,1160.0,978400
2024-01-02,1163.57666015625,1185.3599853515625,1189.800048828125,1161.1300048828125,1161.4100341796875,2869280
2024-01-03,1164.5777587890625,1186.3800048828125,1194.0,1177.6400146484375,1185.3599853515625,1412035
2024-01-04,1146.9674072265625,1168.43994140625,1184.4300537109375,1165.0,1184.4300537109375,2048300
2024-01-05,1145.681640625,1167.1300048828125,1174.9100341796875,1161.300048828125,1174.0,1037255
2024-01-08,1131.0946044921875,1152.27001953125,1176.199951171875,1146.52001953125,1176.1800537109375,1205700
2024-01-09,1128.8270263671875,1149.9599609375,1167.72998046875,1148.8199462890625,1163.800048828125,1292220
2024-01-10,1136.1695556640625,1157.43994140625,1160.0,1138.0400390625,1149.81005859375,1273855
2024-01-11,1117.5677490234375,1138.489990234375,1155.5999755859375,1129.02001953125,1155.5999755859375,2964925
2024-01-12,1116.861083984375,1137.77001953125,1146.969970703125,1129.2099609375,1146.969970703125,1385710
2024-01-15,1135.3941650390625,1156.6500244140625,1159.800048828125,1140.4000244140625,1147.5899658203125,1665610
2024-01-16,1130.4664306640625,1151.6300048828125,1158.0,1141.2099609375,1158.0,1142145
2024-01-17,1109.2239990234375,1129.989990234375,1148.0,1125.4000244140625,1148.0,1778960
2024-01-18,1109.2239990234375,1129.989990234375,1133.6600341796875,1104.1300048828125,1129.489990234375,1727635
2024-01-19,1112.806884765625,1133.6400146484375,1142.989990234375,1122.3699951171875,1135.02001953125,1641460
2024-01-23,1114.0240478515625,1134.8800048828125,1150.800048828125,1128.18994140625,1130.3800048828125,2329945
2024-01-24,1158.7274169921875,1180.4200439453125,1183.0,1138.5999755859375,1141.5899658203125,5244260
2024-01-25,1149.57861328125,1171.0999755859375,1185.0,1164.4000244140625,1180.4200439453125,2677510
2024-01-29,1147.261962890625,1168.739990234375,1178.52001953125,1148.0400390625,1160.0,1509570
2024-01-30,1146.721923828125,1168.18994140625,1189.800048828125,1166.199951171875,1179.7900390625,1576585
2024-01-31,1201.732177734375,1224.22998046875,1227.5,1161.4100341796875,1165.010009765625,7857425
2024-02-01,1176.6026611328125,1198.6300048828125,1229.8800048828125,1190.02001953125,1217.8900146484375,3112555
2024-02-02,1185.7022705078125,1207.9000244140625,1214.93994140625,1199.2099609375,1203.18994140625,1686230
2024-02-05,1196.4903564453125,1218.8900146484375,1227.5999755859375,1198.219970703125,1207.800048828125,2126485
2024-02-06,1210.6551513671875,1233.3199462890625,1238.0,1216.75,1217.0,2587065
2024-02-07,1213.2366943359375,1235.949951171875,1238.0,1226.1199951171875,1233.199951171875,2953275
2024-02-08,1209.369140625,1232.010009765625,1243.989990234375,1225.0,1243.5999755859375,1791205
2024-02-09,1208.544677734375,1231.1700439453125,1241.0400390625,1220.8399658203125,1228.0,1238970
2024-02-12,1243.421630859375,1266.699951171875,1277.68994140625,1246.0,1246.8599853515625,4296460
2024-02-13,1243.784912109375,1267.0699462890625,1281.969970703125,1262.2099609375,1270.0,2086675
2024-02-14,1228.66796875,1251.6700439453125,1267.989990234375,1234.02001953125,1266.010009765625,1724345
2024-02-15,1227.548828125,1250.530029296875,1259.800048828125,1241.219970703125,1248.02001953125,1469095
2024-02-16,1240.2117919921875,1263.4300537109375,1273.1400146484375,1249.469970703125,1254.3900146484375,1275915
2024-02-19,1259.84423828125,1283.4300537109375,1290.7900390625,1263.0,1263.4300537109375,1393520
2024-02-20,1251.7655029296875,1275.199951171875,1293.0,1268.1099853515625,1284.4000244140625,1399485
2024-02-21,1246.494140625,1269.8299560546875,1280.510009765625,1261.0,1277.4000244140625,995895
2024-02-22,1249.3997802734375,1272.7900390625,1275.9599609375,1246.27001953125,1275.0,1420120
2024-02-23,1264.75244140625,1288.4300537109375,1298.81005859375,1272.5999755859375,1273.5400390625,1842255
2024-02-26,1264.4775390625,1288.1500244140625,1298.0,1276.1300048828125,1289.010009765625,1089190
2024-02-27,1266.2149658203125,1289.9200439453125,1291.9200439453125,1277.050048828125,1283.199951171875,966475
2024-02-28,1261.9842529296875,1285.6099853515625,1301.1800537109375,1278.4200439453125,1288.68994140625,1560230
2024-02-29,1261.2381591796875,1284.8499755859375,1294.5799560546875,1271.4200439453125,1276.4100341796875,5513940
2024-03-01,1215.946044921875,1238.7099609375,1294.5999755859375,1234.4200439453125,1289.800048828125,2876430
2024-03-04,1243.73583984375,1267.02001953125,1287.8699951171875,1247.800048828125,1248.0,2196055
2024-03-05,1237.49267578125,1260.6600341796875,1268.4300537109375,1249.4000244140625,1266.97998046875,1040180
2024-03-06,1239.7210693359375,1262.9300537109375,1266.4000244140625,1238.0,1260.6600341796875,1207130
2024-03-07,1241.5860595703125,1264.8299560546875,1273.93994140625,1261.0999755859375,1261.0999755859375,1174600
2024-03-11,1254.0133056640625,1277.489990234375,1284.719970703125,1262.0,1273.800048828125,1412365
2024-03-12,1237.2669677734375,1260.4300537109375,1285.5999755859375,1253.25,1277.6300048828125,1647055
2024-03-13,1237.5908203125,1260.760009765625,1270.0,1249.760009765625,1260.47998046875,1051325
2024-03-14,1235.7847900390625,1258.9200439453125,1264.030029296875,1241.780029296875,1256.4000244140625,2001060
2024-03-15,1233.8802490234375,1256.97998046875,1261.7099609375,1242.9000244140625,1257.02001953125,2429735
2024-03-18,1244.9039306640625,1268.2099609375,1270.97998046875,1253.6099853515625,1258.4200439453125,902465
2024-03-19,1204.431640625,1226.97998046875,1267.0,1224.68994140625,1267.0,1581835
2024-03-20,1198.2279052734375,1220.6600341796875,1227.6199951171875,1204.6400146484375,1224.989990234375,1385185
2024-03-21,1203.1162109375,1225.6400146484375,1231.199951171875,1212.0,1225.0,1626230
2024-03-22,1217.8406982421875,1240.6400146484375,1247.8800048828125,1221.010009765625,1225.800048828125,1528595
2024-03-26,1204.4217529296875,1226.969970703125,1242.2900390625,1221.2099609375,1238.0,1361275
2024-03-27,1186.605224609375,1208.8199462890625,1230.199951171875,1206.8199462890625,1230.199951171875,1452965
2024-03-28,1208.947021484375,1231.5799560546875,1241.9599609375,1215.5999755859375,1215.5999755859375,2586915
2024-04-01,1227.0972900390625,1250.0699462890625,1256.489990234375,1231.5799560546875,1243.0,772020
2024-04-02,1224.5843505859375,1247.510009765625,1253.7900390625,1241.199951171875,1253.7900390625,1191030
2024-04-03,1202.3702392578125,1224.8800048828125,1253.5999755859375,1222.4000244140625,1247.510009765625,1346125
2024-04-04,1205.923583984375,1228.5,1235.0,1209.5,1231.0,1995095
2024-04-05,1213.1485595703125,1235.8599853515625,1261.1700439453125,1228.0,1228.5,2705055
2024-04-08,1212.216064453125,1234.9100341796875,1245.3499755859375,1227.010009765625,1243.489990234375,1420525
2024-04-09,1210.9102783203125,1233.5799560546875,1246.0400390625,1231.0,1240.43994140625,643620
2024-04-10,1208.947021484375,1231.5799560546875,1239.97998046875,1229.0,1239.97998046875,980420
2024-04-12,1194.4093017578125,1216.77001953125,1237.800048828125,1215.0,1233.780029296875,1974255
2024-04-15,1180.07763671875,1202.1700439453125,1214.6400146484375,1196.449951171875,1214.6400146484375,1349665
2024-04-16,1187.8323974609375,1210.0699462890625,1214.77001953125,1197.010009765625,1201.1700439453125,2041490
2024-04-18,1169.534912109375,1191.4300537109375,1225.5,1187.530029296875,1219.989990234375,2988680
2024-04-19,1166.7275390625,1188.5699462890625,1200.0,1176.1600341796875,1200.0,1713255
2024-04-22,1181.1082763671875,1203.219970703125,1212.800048828125,1190.699951171875,1195.0,1667285
2024-04-23,1168.5435791015625,1190.4200439453125,1213.0,1186.780029296875,1210.0,1494175
2024-04-24,1168.288330078125,1190.1600341796875,1198.969970703125,1184.2099609375,1192.010009765625,1334935
2024-04-25,1220.8934326171875,1243.75,1252.4000244140625,1185.5999755859375,1195.010009765625,4634925
2024-04-26,1227.44091796875,1250.4200439453125,1261.77001953125,1235.77001953125,1244.97998046875,2063090
2024-04-29,1236.2755126953125,1259.4200439453125,1265.0,1240.469970703125,1254.0,1485530
2024-04-30,1218.0565185546875,1240.8599853515625,1262.5999755859375,1237.0,1259.97998046875,1906520
2024-05-02,1234.3907470703125,1257.5,1259.9599609375,1239.050048828125,1239.050048828125,3134765
2024-05-03,1246.57275390625,1269.9100341796875,1283.97998046875,1251.5999755859375,1259.97998046875,2906840
2024-05-06,1235.5589599609375,1258.68994140625,1276.0,1249.27001953125,1275.93994140625,2263770
2024-05-07,1228.5206298828125,1251.52001953125,1270.0,1240.0,1265.97998046875,1586770
2024-05-08,1189.0103759765625,1211.27001953125,1222.989990234375,1190.5400390625,1220.0,4940700
2024-05-09,1153.8682861328125,1175.469970703125,1214.9000244140625,1174.0,1214.9000244140625,2534535
2024-05-10,1162.437744140625,1184.199951171875,1187.0,1163.6199951171875,1175.0,1480900
2024-05-13,1159.9935302734375,1181.7099609375,1189.800048828125,1170.0999755859375,1184.199951171875,852820
2024-05-14,1152.189697265625,1173.760009765625,1189.0799560546875,1171.0,1187.780029296875,1186650
2024-05-15,1153.4068603515625,1175.0,1193.3900146484375,1172.0,1177.0,1458405
2024-05-16,1148.5771484375,1170.0799560546875,1185.5999755859375,1141.800048828125,1185.5999755859375,3660485
2024-05-17,1138.5941162109375,1159.9100341796875,1171.2900390625,1158.199951171875,1170.0799560546875,3006695
2024-05-21,1134.716796875,1155.9599609375,1166.6600341796875,1154.5999755859375,1162.18994140625,2456865
2024-05-22,1152.9652099609375,1174.550048828125,1181.0,1158.0799560546875,1170.0,2605110
2024-05-23,1157.863525390625,1179.5400390625,1186.5999755859375,1167.0,1180.489990234375,2827915
2024-05-24,1151.5909423828125,1173.1500244140625,1181.8199462890625,1167.699951171875,1179.280029296875,2122215
2024-05-27,1152.9554443359375,1174.5400390625,1177.989990234375,1159.219970703125,1173.1500244140625,3366290
2024-05-28,1171.1351318359375,1193.06005859375,1201.02001953125,1174.4300537109375,1174.4300537109375,3966010
2024-05-29,1178.0947265625,1200.1500244140625,1203.5899658203125,1182.9200439453125,1197.0,2533990
2024-05-30,1153.1614990234375,1174.75,1195.0,1166.5999755859375,1195.0,3005220
2024-05-31,1137.08251953125,1158.3699951171875,1180.9300537109375,1150.5699462890625,1179.989990234375,5146590
2024-06-03,1135.4039306640625,1156.6600341796875,1187.5799560546875,1155.4300537109375,1187.5799560546875,2087555
2024-06-04,1125.096923828125,1146.1600341796875,1165.469970703125,1120.0,1161.4000244140625,3287175
2024-06-05,1143.4237060546875,1164.8299560546875,1176.3399658203125,1145.1600341796875,1147.5799560546875,2542820
2024-06-06,1156.5382080078125,1178.18994140625,1185.199951171875,1156.3199462890625,1167.0,3598380
2024-06-07,1189.9822998046875,1212.260009765625,1216.8199462890625,1175.25,1178.18994140625,3747525
2024-06-10,1198.7872314453125,1221.22998046875,1231.530029296875,1200.81005859375,1212.260009765625,3148275
2024-06-11,1185.6533203125,1207.8499755859375,1220.050048828125,1205.5999755859375,1217.0,2581810
2024-06-12,1189.7366943359375,1212.010009765625,1217.0,1198.199951171875,1212.0,1932925
2024-06-13,1196.7652587890625,1219.1700439453125,1223.97998046875,1206.300048828125,1223.97998046875,2191150
2024-06-14,1194.6842041015625,1217.050048828125,1223.699951171875,1207.02001953125,1219.199951171875,1985020
2024-06-18,1176.2296142578125,1198.25,1212.4000244140625,1196.0,1209.5999755859375,3076985
2024-06-19,1169.3485107421875,1191.239990234375,1199.9300537109375,1184.0,1198.3900146484375,3056645
2024-06-20,1172.2147216796875,1194.1600341796875,1199.199951171875,1177.5999755859375,1185.0,2489735
2024-06-21,1180.1954345703125,1202.2900390625,1211.0,1191.030029296875,1194.199951171875,2150475
2024-06-24,1188.7354736328125,1210.989990234375,1220.0,1194.5999755859375,1199.5999755859375,1624525
2024-06-25,1193.33935546875,1215.6800537109375,1219.0400390625,1203.2099609375,1218.0,1977490
2024-06-26,1191.7000732421875,1214.010009765625,1218.9300537109375,1205.06005859375,1212.699951171875,1958240
2024-06-27,1224.260498046875,1247.1800537109375,1249.8900146484375,1199.0,1200.0,12168270
2024-06-28,1256.9385986328125,1280.469970703125,1284.0,1250.2099609375,1251.0899658203125,5118295
2024-07-01,1247.387451171875,1270.739990234375,1296.0,1267.4300537109375,1286.0,2251925
2024-07-02,1250.63671875,1274.050048828125,1276.18994140625,1256.8499755859375,1269.0,1819075
2024-07-03,1261.5621337890625,1285.1800537109375,1305.1600341796875,1273.030029296875,1274.800048828125,2913200
2024-07-04,1272.0556640625,1295.8699951171875,1308.4000244140625,1274.02001953125,1286.0,1744245
2024-07-05,1280.0362548828125,1304.0,1309.4300537109375,1291.2099609375,1295.8699951171875,1139175
2024-07-08,1282.814208984375,1306.8299560546875,1315.0,1297.199951171875,1304.0,807380
2024-07-09,1292.3751220703125,1316.5699462890625,1319.0,1286.18994140625,1308.0,1734640
2024-07-10,1294.2796630859375,1318.510009765625,1320.8900146484375,1296.5999755859375,1314.9000244140625,1287550
2024-07-11,1294.71142578125,1318.949951171875,1324.3900146484375,1306.969970703125,1318.6300048828125,1581340
2024-07-12,1319.1932373046875,1343.8900146484375,1349.0,1312.93994140625,1318.050048828125,2944400
2024-07-15,1333.976318359375,1358.949951171875,1376.989990234375,1340.510009765625,1350.0,3023975
2024-07-16,1312.509521484375,1329.2099609375,1356.5899658203125,1327.3299560546875,1351.989990234375,1556420
2024-07-18,1316.7457275390625,1333.5,1341.77001953125,1318.0799560546875,1329.199951171875,1928535
2024-07-19,1310.5247802734375,1327.199951171875,1343.6800537109375,1325.260009765625,1332.0,900340
2024-07-22,1337.1658935546875,1354.1800537109375,1356.0,1316.0,1316.0,2061455
2024-07-23,1355.7493896484375,1373.0,1376.800048828125,1343.4000244140625,1354.0,4330455
2024-07-24,1346.89208984375,1364.030029296875,1387.780029296875,1358.6500244140625,1387.780029296875,3019385
2024-07-25,1353.4190673828125,1370.6400146484375,1374.989990234375,1351.4100341796875,1359.0,1315525
2024-07-26,1358.445068359375,1375.72998046875,1393.199951171875,1358.3199462890625,1377.7900390625,2051955
2024-07-29,1350.822021484375,1368.010009765625,1389.6199951171875,1347.0,1384.0,3271945
2024-07-30,1343.7322998046875,1360.8299560546875,1378.199951171875,1358.5799560546875,1369.010009765625,1458475
2024-07-31,1333.1370849609375,1350.0999755859375,1365.9000244140625,1347.0,1360.780029296875,1730870
2024-08-01,1360.28173828125,1377.5899658203125,1380.0999755859375,1357.3299560546875,1359.0999755859375,2320480
2024-08-02,1375.3302001953125,1392.8299560546875,1396.199951171875,1374.8900146484375,1376.199951171875,2209945
2024-08-05,1345.2926025390625,1362.4100341796875,1392.199951171875,1358.800048828125,1386.02001953125,2186945
2024-08-06,1344.3741455078125,1361.47998046875,1383.06005859375,1359.06005859375,1367.780029296875,1227135
2024-08-07,1367.865234375,1385.27001953125,1387.0,1368.0,1376.0,968865
2024-08-08,1370.2252197265625,1387.6600341796875,1407.0,1382.8900146484375,1385.0,2705840
2024-08-09,1385.0762939453125,1402.699951171875,1405.0,1392.6700439453125,1396.0,656255
2024-08-12,1360.0052490234375,1377.31005859375,1406.0,1374.6600341796875,1402.7900390625,1853275
2024-08-13,1372.2198486328125,1389.6800537109375,1392.449951171875,1370.25,1380.4000244140625,1217325
2024-08-14,1343.1199951171875,1360.2099609375,1392.4000244140625,1358.5,1391.0,1727965
2024-08-16,1341.6488037109375,1358.719970703125,1369.7900390625,1351.6300048828125,1366.2099609375,2565660
2024-08-19,1364.9029541015625,1382.27001953125,1384.800048828125,1363.52001953125,1367.5899658203125,809235
2024-08-20,1375.5672607421875,1393.0699462890625,1394.8399658203125,1380.0,1386.0,747970
2024-08-21,1394.7431640625,1412.489990234375,1421.489990234375,1393.0699462890625,1399.97998046875,1905585
2024-08-22,1376.298095703125,1393.81005859375,1412.469970703125,1384.6400146484375,1412.469970703125,1683410
2024-08-23,1373.424560546875,1390.9000244140625,1398.0,1386.010009765625,1395.969970703125,711440
2024-08-26,1371.212646484375,1388.6600341796875,1391.989990234375,1379.8399658203125,1384.989990234375,1018915
2024-08-27,1375.09326171875,1392.5899658203125,1401.31005859375,1380.4100341796875,1389.0,2277085
2024-08-28,1382.2718505859375,1399.8599853515625,1409.6500244140625,1384.5999755859375,1392.5899658203125,1632585
2024-08-29,1368.8131103515625,1386.22998046875,1403.989990234375,1377.8199462890625,1379.6600341796875,1784160
2024-08-30,1388.601318359375,1406.27001953125,1409.0,1387.5999755859375,1387.5999755859375,3415210
2024-09-02,1357.1614990234375,1374.4300537109375,1414.989990234375,1366.0,1409.93994140625,2354285
2024-09-03,1353.5474853515625,1370.77001953125,1382.800048828125,1369.5999755859375,1380.0,1246805
2024-09-04,1340.384765625,1357.43994140625,1369.56005859375,1353.4000244140625,1369.56005859375,2177470
2024-09-05,1322.32470703125,1339.1500244140625,1369.760009765625,1337.199951171875,1359.5,2001265
2024-09-06,1316.6766357421875,1333.4300537109375,1344.02001953125,1330.5999755859375,1339.780029296875,2074285
2024-09-09,1314.4549560546875,1331.1800537109375,1343.18994140625,1320.5400390625,1335.989990234375,1466880
2024-09-10,1313.36865234375,1330.0799560546875,1339.56005859375,1322.6300048828125,1338.800048828125,2328120
2024-09-11,1305.8839111328125,1322.5,1349.8699951171875,1319.1800537109375,1332.1800537109375,1833720
2024-09-12,1319.974609375,1336.77001953125,1342.43994140625,1316.06005859375,1340.0,2663355
2024-09-13,1315.4027099609375,1332.1400146484375,1339.81005859375,1329.4000244140625,1337.280029296875,1197575
2024-09-16,1312.717041015625,1329.4200439453125,1337.97998046875,1326.300048828125,1337.97998046875,691625
2024-09-17,1309.6656494140625,1326.3299560546875,1333.1500244140625,1320.5999755859375,1328.02001953125,911735
2024-09-18,1297.0562744140625,1313.56005859375,1329.5999755859375,1306.199951171875,1329.4000244140625,1239415
2024-09-19,1284.170166015625,1300.510009765625,1322.5,1296.5,1316.800048828125,4661780
2024-09-20,1293.7679443359375,1310.22998046875,1319.5899658203125,1297.1400146484375,1306.9599609375,2823650
2024-09-23,1314.1685791015625,1330.8900146484375,1332.4000244140625,1316.0,1320.0,1326620
2024-09-24,1313.3587646484375,1330.0699462890625,1337.97998046875,1316.0400390625,1330.8900146484375,1962100
2024-09-25,1321.4755859375,1338.2900390625,1341.52001953125,1319.1099853515625,1331.25,2388280
2024-09-26,1331.9324951171875,1348.8800048828125,1351.4000244140625,1332.8599853515625,1342.9599609375,2842130
2024-09-27,1333.0185546875,1349.97998046875,1354.47998046875,1333.300048828125,1342.199951171875,2794555
2024-09-30,1333.3543701171875,1350.3199462890625,1358.199951171875,1342.0,1351.0,1827470
2024-10-01,1332.860595703125,1349.8199462890625,1357.0799560546875,1335.6099853515625,1350.3199462890625,1738090
2024-10-03,1330.204345703125,1347.1300048828125,1359.0,1338.4200439453125,1356.0,2277090
2024-10-04,1309.9818115234375,1326.6500244140625,1346.5799560546875,1322.199951171875,1342.5999755859375,1742335
2024-10-07,1305.3704833984375,1321.97998046875,1342.4100341796875,1316.219970703125,1336.7099609375,2224190
2024-10-08,1314.484375,1331.2099609375,1333.5999755859375,1315.0,1321.989990234375,1395550
2024-10-09,1316.2222900390625,1332.969970703125,1350.97998046875,1329.4200439453125,1339.199951171875,1680365
2024-10-10,1300.0777587890625,1316.6199951171875,1339.5999755859375,1310.739990234375,1339.5999755859375,1582735
2024-10-11,1303.2572021484375,1319.8399658203125,1324.93994140625,1309.010009765625,1317.0,1130225
2024-10-14,1315.2447509765625,1331.97998046875,1338.18994140625,1320.0,1327.199951171875,1117595
2024-10-15,1305.716064453125,1322.3299560546875,1339.97998046875,1321.0400390625,1336.800048828125,1423265
2024-10-16,1325.316650390625,1342.1800537109375,1349.18994140625,1325.81005859375,1328.0,1849620
2024-10-17,1323.9639892578125,1340.81005859375,1355.0,1330.0899658203125,1348.9599609375,1819115
2024-10-18,1331.2806396484375,1348.219970703125,1354.800048828125,1332.47998046875,1340.81005859375,1143115
2024-10-21,1322.6505126953125,1339.47998046875,1354.0,1337.2099609375,1354.0,1175275
2024-10-22,1315.738525390625,1332.47998046875,1351.0,1326.4599609375,1345.4000244140625,1904985
2024-10-23,1304.975341796875,1321.5799560546875,1337.6199951171875,1318.0,1331.8699951171875,1548860
2024-10-24,1299.9989013671875,1316.5400390625,1328.800048828125,1313.8399658203125,1328.800048828125,1587305
2024-10-25,1286.569580078125,1302.93994140625,1316.4000244140625,1290.02001953125,1314.0,1285830
2024-10-28,1295.0220947265625,1311.5,1325.9000244140625,1290.25,1320.0,829374
2024-10-29,1258.684326171875,1274.699951171875,1335.4000244140625,1263.5,1327.0,1443741
2024-10-30,1234.1466064453125,1249.8499755859375,1273.0,1228.800048828125,1273.0,2065575
2024-10-31,1258.190673828125,1274.199951171875,1283.6500244140625,1248.0,1258.5999755859375,1902206
2024-11-01,1243.774169921875,1259.5999755859375,1289.0,1201.800048828125,1280.0,540201
2024-11-04,1252.364990234375,1268.300048828125,1276.9000244140625,1250.550048828125,1259.5999755859375,1771490
2024-11-05,1256.2158203125,1272.199951171875,1279.0,1241.25,1265.0999755859375,1603920
2024-11-06,1285.740234375,1302.0999755859375,1321.9000244140625,1251.5999755859375,1274.0,3908554
2024-11-07,1271.1754150390625,1287.3499755859375,1309.0,1280.550048828125,1304.949951171875,1479152
2024-11-08,1267.52197265625,1283.6500244140625,1293.0,1259.1500244140625,1292.800048828125,1328199
2024-11-11,1271.7186279296875,1287.9000244140625,1295.25,1262.1500244140625,1284.0,1175591
2024-11-12,1248.0201416015625,1263.9000244140625,1288.4000244140625,1258.300048828125,1287.8499755859375,1110785
2024-11-13,1229.357666015625,1245.0,1265.050048828125,1238.300048828125,1258.0,995217
2024-11-14,1211.2874755859375,1226.699951171875,1253.0,1222.199951171875,1249.9000244140625,1346891
2024-11-18,1178.5540771484375,1193.550048828125,1219.800048828125,1170.199951171875,1206.0999755859375,3367815
2024-11-19,1198.203857421875,1213.449951171875,1232.0,1186.25,1193.0,1509716
2024-11-21,1180.3314208984375,1195.3499755859375,1206.699951171875,1172.5,1174.9000244140625,2121476
2024-11-22,1199.19140625,1214.449951171875,1223.199951171875,1193.5999755859375,1199.0,763755
2024-11-25,1194.106201171875,1209.300048828125,1247.0,1205.75,1233.949951171875,3280431
2024-11-26,1193.46435546875,1208.6500244140625,1218.3499755859375,1203.199951171875,1209.0,1190121
2024-11-27,1184.8243408203125,1199.9000244140625,1215.5999755859375,1198.050048828125,1212.0,1402977
2024-11-28,1176.9739990234375,1191.949951171875,1209.9000244140625,1188.449951171875,1209.050048828125,2819269
2024-11-29,1187.194091796875,1202.300048828125,1219.3499755859375,1198.6500244140625,1206.0,2535820
2024-12-02,1206.3997802734375,1221.75,1225.25,1202.300048828125,1214.25,1826479
2024-12-03,1209.115234375,1224.5,1229.0,1217.550048828125,1229.0,2237453
2024-12-04,1200.2777099609375,1215.550048828125,1229.0999755859375,1209.5999755859375,1224.5,1435443
2024-12-05,1224.2723388671875,1239.8499755859375,1249.5,1210.0999755859375,1216.550048828125,3324867
2024-12-06,1237.9483642578125,1253.699951171875,1255.1500244140625,1236.3499755859375,1246.0,1717216
2024-12-09,1239.380126953125,1255.1500244140625,1261.800048828125,1243.25,1254.6500244140625,1269332
2024-12-10,1224.7659912109375,1240.3499755859375,1253.5999755859375,1233.0,1250.0,2025890
2024-12-11,1222.98876953125,1238.550048828125,1243.4000244140625,1226.699951171875,1240.300048828125,1178864
2024-12-12,1229.7525634765625,1245.4000244140625,1250.199951171875,1226.3499755859375,1244.800048828125,1648944
2024-12-13,1230.690673828125,1246.3499755859375,1250.199951171875,1226.449951171875,1240.300048828125,1258819
2024-12-16,1253.994140625,1269.949951171875,1274.1500244140625,1245.199951171875,1246.3499755859375,1920945
2024-12-17,1231.974365234375,1247.6500244140625,1270.949951171875,1243.25,1269.0,2706166
2024-12-18,1259.3756103515625,1275.4000244140625,1281.0,1249.550048828125,1251.9000244140625,2823838
2024-12-19,1308.9449462890625,1325.5999755859375,1331.3499755859375,1271.6500244140625,1275.0,7185903
2024-12-20,1326.7681884765625,1343.6500244140625,1368.699951171875,1317.4000244140625,1326.0,7499087
2024-12-23,1324.4970703125,1341.3499755859375,1367.0,1330.300048828125,1362.0,3740109
2024-12-24,1333.9271240234375,1350.9000244140625,1365.0,1336.199951171875,1347.0,2587142
2024-12-26,1338.1236572265625,1355.1500244140625,1360.199951171875,1342.75,1350.9000244140625,1531359
2024-12-27,1371.99267578125,1389.449951171875,1398.25,1345.5,1363.050048828125,3656253
2024-12-30,1359.6004638671875,1376.9000244140625,1392.0,1372.0999755859375,1389.5999755859375,2462657
2024-12-31,1371.0546875,1388.5,1395.0,1366.550048828125,1370.300048828125,1892083
2025-01-01,1351.799560546875,1369.0,1389.050048828125,1355.3499755859375,1388.449951171875,1658723
2025-01-02,1357.773681640625,1375.050048828125,1387.949951171875,1370.050048828125,1371.449951171875,1726305
2025-01-03,1335.655029296875,1352.6500244140625,1378.1500244140625,1347.199951171875,1375.050048828125,1573592
2025-01-06,1333.3839111328125,1350.3499755859375,1361.300048828125,1333.800048828125,1360.4000244140625,1539970
2025-01-07,1334.5689697265625,1351.550048828125,1373.050048828125,1347.5,1352.0,1723188
2025-01-08,1353.5277099609375,1370.75,1405.9000244140625,1358.0,1369.5,3456684
2025-01-09,1354.366943359375,1371.5999755859375,1382.949951171875,1364.0999755859375,1380.0,1607980
2025-01-10,1337.383056640625,1354.4000244140625,1386.0,1352.5999755859375,1366.0999755859375,1582776
2025-01-13,1318.3255615234375,1335.0999755859375,1354.1500244140625,1330.199951171875,1354.050048828125,2822318
2025-01-14,1320.744873046875,1337.550048828125,1348.8499755859375,1323.6500244140625,1335.1500244140625,1370223
2025-01-15,1320.399169921875,1337.199951171875,1345.0,1313.949951171875,1345.0,1940371
2025-01-16,1286.3819580078125,1302.75,1347.0,1297.0,1340.9000244140625,1195731
2025-01-17,1292.948486328125,1309.4000244140625,1320.699951171875,1288.0,1298.0,1432206
2025-01-20,1285.987060546875,1302.3499755859375,1309.0,1293.6500244140625,1308.3499755859375,561642
2025-01-21,1271.9654541015625,1288.1500244140625,1312.949951171875,1285.6500244140625,1302.3499755859375,738787
2025-01-22,1279.9637451171875,1296.25,1308.0,1288.0,1291.0,1301422
2025-01-23,1273.1998291015625,1289.4000244140625,1303.949951171875,1274.550048828125,1289.0,1448659
2025-01-24,1209.0164794921875,1224.4000244140625,1252.6500244140625,1203.5,1229.949951171875,7082467
2025-01-27,1182.6025390625,1197.6500244140625,1234.3499755859375,1191.5,1224.4000244140625,2184847
2025-01-28,1166.4085693359375,1181.25,1197.6500244140625,1164.6500244140625,1197.6500244140625,3142189
2025-01-29,1166.359130859375,1181.199951171875,1192.449951171875,1173.5,1187.4000244140625,3458251
2025-01-30,1179.4921875,1194.5,1204.800048828125,1184.0,1188.0,3290757
2025-01-31,1202.054931640625,1217.3499755859375,1221.0,1196.0,1202.0,1505147
2025-02-01,1189.810791015625,1204.949951171875,1220.4000244140625,1200.0999755859375,1220.4000244140625,1067956
2025-02-03,1188.724609375,1203.8499755859375,1220.0,1196.800048828125,1200.0,1407877
2025-02-04,1204.622314453125,1219.949951171875,1233.0,1201.449951171875,1207.0,2239920
2025-02-05,1212.126953125,1227.550048828125,1233.0999755859375,1215.8499755859375,1227.0,1460238
2025-02-06,1221.112548828125,1236.6500244140625,1254.0,1230.199951171875,1234.9000244140625,2990483
2025-02-07,1224.8154296875,1240.4000244140625,1243.75,1226.0,1240.0,1236992
2025-02-10,1205.6097412109375,1220.949951171875,1239.699951171875,1211.050048828125,1239.699951171875,1565579
2025-02-11,1194.5999755859375,1209.800048828125,1222.9000244140625,1201.25,1220.0,1819297
2025-02-12,1200.5738525390625,1215.8499755859375,1220.4000244140625,1202.8499755859375,1218.0,1306601
2025-02-13,1208.2264404296875,1223.5999755859375,1243.0,1216.9000244140625,1216.9000244140625,4447231
2025-02-14,1182.0101318359375,1197.050048828125,1230.0,1186.25,1223.5,1211843
2025-02-17,1183.8861083984375,1198.949951171875,1202.0,1183.1500244140625,1196.8499755859375,613030
2025-02-18,1182.355712890625,1197.4000244140625,1204.949951171875,1182.0,1198.949951171875,1713796
2025-02-19,1151.2020263671875,1165.8499755859375,1176.949951171875,1127.5,1166.0,3062142
2025-02-20,1156.2379150390625,1170.949951171875,1174.1500244140625,1156.25,1164.5,1579890
2025-02-21,1137.32861328125,1151.800048828125,1170.75,1145.25,1170.699951171875,6828902
2025-02-24,1149.91845703125,1164.550048828125,1173.9000244140625,1151.0,1151.800048828125,2017521
2025-02-25,1113.975830078125,1128.1500244140625,1169.550048828125,1122.5,1167.1500244140625,6463238
2025-02-27,1111.408447265625,1125.550048828125,1136.3499755859375,1115.0,1128.5,3435069
2025-02-28,1102.4720458984375,1116.5,1132.0,1104.550048828125,1128.699951171875,3895033
2025-03-03,1105.5330810546875,1119.5999755859375,1130.25,1103.9000244140625,1118.3499755859375,1810605
2025-03-04,1106.0762939453125,1120.1500244140625,1124.1500244140625,1105.050048828125,1111.0999755859375,1074133
2025-03-05,1112.2476806640625,1126.4000244140625,1129.0,1110.550048828125,1120.5,1260157
2025-03-06,1125.7755126953125,1140.0999755859375,1145.699951171875,1118.6500244140625,1135.0,1648697
2025-03-07,1119.01171875,1133.25,1145.199951171875,1130.0,1140.0999755859375,790599
2025-03-10,1106.12548828125,1120.199951171875,1137.1500244140625,1115.4000244140625,1134.949951171875,950503
2025-03-11,1102.620361328125,1116.6500244140625,1126.949951171875,1110.6500244140625,1117.0,884438
2025-03-12,1091.2646484375,1105.1500244140625,1116.6500244140625,1092.449951171875,1116.5999755859375,1914579
2025-03-13,1094.029541015625,1107.949951171875,1110.25,1095.050048828125,1105.1500244140625,1299174
2025-03-17,1136.242431640625,1150.699951171875,1154.0999755859375,1101.5,1107.9000244140625,2714559
2025-03-18,1136.242431640625,1150.699951171875,1150.699951171875,1150.699951171875,1150.699951171875,0
2025-03-19,1157.37353515625,1172.0999755859375,1177.699951171875,1158.0999755859375,1174.0,1507415
2025-03-20,1172.2838134765625,1187.199951171875,1190.75,1165.300048828125,1178.949951171875,1521677
2025-03-21,1185.0711669921875,1200.1500244140625,1204.6500244140625,1177.050048828125,1190.199951171875,2313824
2025-03-24,1195.0936279296875,1210.300048828125,1216.3499755859375,1190.25,1205.0,1660669
2025-03-25,1163.1007080078125,1177.9000244140625,1215.949951171875,1167.949951171875,1210.300048828125,2860907
2025-03-26,1149.9677734375,1164.5999755859375,1179.800048828125,1152.6500244140625,1177.9000244140625,2864505
2025-03-27,1147.597900390625,1162.199951171875,1172.4000244140625,1144.0,1160.0,4460409
2025-03-28,1129.823974609375,1144.199951171875,1159.25,1140.75,1159.25,2762934
2025-04-01,1137.7235107421875,1152.199951171875,1164.4000244140625,1136.050048828125,1144.199951171875,4158012
2025-04-02,1135.55126953125,1150.0,1152.699951171875,1135.0,1150.0,2071245
2025-04-03,1136.98291015625,1151.449951171875,1226.9000244140625,1149.050048828125,1190.5,6324685
2025-04-04,1096.0042724609375,1109.949951171875,1157.449951171875,1076.199951171875,1151.800048828125,5423861
2025-04-07,1074.2314453125,1087.9000244140625,1098.8499755859375,1020.0,1020.0,3888037
2025-04-08,1094.029541015625,1107.949951171875,1113.6500244140625,1088.699951171875,1100.0,1577632
2025-04-09,1080.30419921875,1094.050048828125,1103.25,1061.6500244140625,1094.5,5511474
2025-04-11,1095.56005859375,1109.5,1139.9000244140625,1102.25,1139.9000244140625,2740831
2025-04-15,1140.3896484375,1154.9000244140625,1158.0999755859375,1129.0,1140.9000244140625,2683350
2025-04-16,1143.845703125,1158.4000244140625,1161.4000244140625,1143.699951171875,1150.199951171875,1451875
2025-04-17,1148.9803466796875,1163.5999755859375,1173.5999755859375,1150.0999755859375,1150.0999755859375,2788024
2025-04-21,1162.60693359375,1177.4000244140625,1179.699951171875,1155.0,1163.4000244140625,1938756
2025-04-22,1160.237060546875,1175.0,1180.5,1162.300048828125,1173.9000244140625,1313400
2025-04-23,1171.098876953125,1186.0,1191.800048828125,1175.9000244140625,1185.0999755859375,3192132
2025-04-24,1185.416748046875,1200.5,1210.0,1176.300048828125,1179.0,4819678
2025-04-25,1160.0396728515625,1174.800048828125,1210.5,1159.699951171875,1203.9000244140625,1286573
2025-04-28,1183.6392822265625,1198.699951171875,1205.0,1176.300048828125,1176.300048828125,1236678
2025-04-29,1161.224609375,1176.0,1204.4000244140625,1169.0,1204.4000244140625,1663018
2025-04-30,1169.0252685546875,1183.9000244140625,1196.5999755859375,1175.9000244140625,1176.199951171875,1604442
2025-05-02,1163.1007080078125,1177.9000244140625,1194.800048828125,1171.4000244140625,1176.0999755859375,910973
2025-05-05,1156.5836181640625,1171.300048828125,1193.9000244140625,1154.5,1188.699951171875,1893680
2025-05-06,1145.820556640625,1160.4000244140625,1175.0,1129.4000244140625,1172.199951171875,1990745
2025-05-07,1146.1168212890625,1160.699951171875,1164.5999755859375,1143.4000244140625,1143.4000244140625,1421366
2025-05-08,1133.5762939453125,1148.0,1161.4000244140625,1142.0,1152.699951171875,2616533
2025-05-09,1141.3770751953125,1155.9000244140625,1167.0,1138.5,1142.5,1248574
2025-05-12,1180.5782470703125,1195.5999755859375,1204.0,1143.9000244140625,1155.9000244140625,5065176
2025-05-13,1191.9337158203125,1207.0999755859375,1241.0,1196.0,1196.0,3134295
2025-05-14,1204.671630859375,1220.0,1223.300048828125,1193.199951171875,1213.300048828125,1197152
2025-05-15,1220.7669677734375,1236.300048828125,1239.800048828125,1200.199951171875,1214.0,2053553
2025-05-16,1215.2373046875,1230.699951171875,1238.9000244140625,1221.0,1238.9000244140625,882873
2025-05-19,1203.684326171875,1219.0,1241.800048828125,1214.199951171875,1228.300048828125,2235758
2025-05-20,1208.81884765625,1224.199951171875,1234.4000244140625,1216.5999755859375,1222.0,1385750
2025-05-21,1209.3126220703125,1224.699951171875,1256.5999755859375,1220.0999755859375,1225.0999755859375,2615092
2025-05-22,1206.8441162109375,1222.199951171875,1229.800048828125,1211.4000244140625,1224.699951171875,2260610
2025-05-23,1214.644775390625,1230.0999755859375,1234.9000244140625,1216.0,1228.0,734297
2025-05-26,1225.30908203125,1240.9000244140625,1247.9000244140625,1228.699951171875,1229.9000244140625,985434
2025-05-27,1227.5802001953125,1243.199951171875,1249.0,1237.300048828125,1243.9000244140625,1145000
2025-05-28,1226.98779296875,1242.5999755859375,1252.199951171875,1237.0,1247.800048828125,766968
2025-05-29,1232.5174560546875,1248.199951171875,1253.4000244140625,1240.4000244140625,1245.4000244140625,1791885
2025-05-30,1235.479736328125,1251.199951171875,1257.5999755859375,1241.0,1248.199951171875,3161983
2025-06-02,1232.0235595703125,1247.699951171875,1251.5,1232.5,1251.0,1139977
2025-06-03,1232.6162109375,1248.300048828125,1253.4000244140625,1240.800048828125,1250.0,811620
2025-06-04,1236.1708984375,1251.9000244140625,1266.0,1246.300048828125,1248.300048828125,1387633
2025-06-05,1274.384765625,1290.5999755859375,1303.4000244140625,1264.199951171875,1264.199951171875,3834672
2025-06-06,1304.303955078125,1320.9000244140625,1322.9000244140625,1295.0,1295.0999755859375,2158757
2025-06-09,1302.5264892578125,1319.0999755859375,1329.0,1308.5999755859375,1327.4000244140625,1227356
2025-06-10,1331.853515625,1348.800048828125,1362.5999755859375,1321.0,1321.0,3022355
2025-06-11,1334.12451171875,1351.0999755859375,1355.4000244140625,1340.199951171875,1350.0,1094247
2025-06-12,1345.578857421875,1362.699951171875,1379.699951171875,1343.5,1360.0,2625058
2025-06-13,1345.38134765625,1362.5,1366.800048828125,1345.0,1355.0,1419556
2025-06-16,1329.8785400390625,1346.800048828125,1359.800048828125,1342.199951171875,1359.800048828125,1294663
2025-06-17,1302.23046875,1318.800048828125,1349.699951171875,1302.5999755859375,1348.300048828125,1649457
2025-06-18,1296.799560546875,1313.300048828125,1324.800048828125,1308.800048828125,1311.0999755859375,728945
2025-06-19,1309.4385986328125,1326.0999755859375,1332.0,1304.300048828125,1305.0,1654212
2025-06-20,1308.648681640625,1325.300048828125,1335.0,1318.199951171875,1332.4000244140625,1843895
2025-06-23,1301.3416748046875,1317.9000244140625,1323.0,1302.0999755859375,1318.9000244140625,843945
2025-06-24,1320.498046875,1337.300048828125,1353.699951171875,1309.0999755859375,1317.9000244140625,1011128
2025-06-25,1324.743896484375,1341.5999755859375,1348.300048828125,1336.0,1348.300048828125,833145
2025-06-26,1304.8963623046875,1321.5,1333.699951171875,1314.5999755859375,1326.0,2373431
2025-06-27,1284.654052734375,1301.0,1331.5999755859375,1298.4000244140625,1328.9000244140625,1770595
2025-06-30,1267.176513671875,1283.300048828125,1305.0,1272.5,1302.9000244140625,2224279
2025-07-01,1260.758056640625,1276.800048828125,1294.9000244140625,1273.300048828125,1286.300048828125,1851442
2025-07-02,1254.83349609375,1270.800048828125,1280.9000244140625,1263.699951171875,1276.0,2027306
2025-07-03,1275.0760498046875,1291.300048828125,1297.5999755859375,1270.0,1274.9000244140625,1918977
2025-07-04,1290.9736328125,1307.4000244140625,1313.0,1287.199951171875,1303.0,1466009
2025-07-07,1294.03466796875,1310.5,1313.4000244140625,1298.0999755859375,1307.9000244140625,569025
2025-07-08,1267.670166015625,1283.800048828125,1310.300048828125,1273.5999755859375,1310.300048828125,1602620
2025-07-09,1253.4510498046875,1269.4000244140625,1285.699951171875,1266.9000244140625,1280.0,1494337
2025-07-10,1254.6434326171875,1262.5999755859375,1269.9000244140625,1252.0999755859375,1262.9000244140625,1246082
2025-07-11,1246.793212890625,1254.699951171875,1272.0,1251.300048828125,1263.0,895466
2025-07-14,1242.7191162109375,1250.5999755859375,1261.4000244140625,1245.300048828125,1254.699951171875,1035555
2025-07-15,1252.9542236328125,1260.9000244140625,1264.5,1241.0,1254.800048828125,1183659
2025-07-16,1251.463623046875,1259.4000244140625,1262.0,1250.0,1260.9000244140625,1159859
2025-07-17,1255.1402587890625,1263.0999755859375,1274.800048828125,1255.5,1259.4000244140625,709420
2025-07-18,1249.5755615234375,1257.5,1270.5999755859375,1251.0999755859375,1265.0,690731
2025-07-21,1251.3642578125,1259.300048828125,1262.4000244140625,1245.199951171875,1250.199951171875,1065189
2025-07-22,1232.1859130859375,1240.0,1263.5999755859375,1236.0,1261.0,1304352
2025-07-23,1239.539306640625,1247.4000244140625,1252.0999755859375,1231.0,1240.199951171875,1088262
2025-07-24,1257.525146484375,1265.5,1287.9000244140625,1256.0999755859375,1261.0999755859375,3809212
2025-07-25,1269.8470458984375,1277.9000244140625,1288.5,1261.199951171875,1266.0,1621138
2025-07-28,1279.2872314453125,1287.4000244140625,1290.0,1271.5999755859375,1280.0,1553778
2025-07-29,1291.609130859375,1299.800048828125,1302.0,1282.800048828125,1287.0,1943466
2025-07-30,1283.95751953125,1292.0999755859375,1298.0999755859375,1277.699951171875,1298.0999755859375,1387013
2025-07-31,1262.2950439453125,1270.300048828125,1285.0,1257.0,1274.5,1968821
2025-08-01,1212.9080810546875,1220.5999755859375,1259.0,1213.699951171875,1258.0,2525210
2025-08-04,1217.2803955078125,1225.0,1232.199951171875,1219.199951171875,1225.0999755859375,767310
2025-08-05,1207.144775390625,1214.800048828125,1232.0,1205.0,1225.0,956582
2025-08-06,1189.15869140625,1196.699951171875,1217.800048828125,1187.5,1214.800048828125,1701845
2025-08-07,1193.23291015625,1200.800048828125,1210.0,1183.4000244140625,1184.0,1246560
2025-08-08,1203.76611328125,1211.4000244140625,1215.0,1195.4000244140625,1200.800048828125,2389106
2025-08-11,1211.8150634765625,1219.5,1237.0,1208.5999755859375,1212.5,1246374
2025-08-12,1212.610107421875,1220.300048828125,1227.199951171875,1204.0999755859375,1210.0,922461
2025-08-13,1245.50146484375,1253.4000244140625,1255.5,1219.800048828125,1220.300048828125,1192506
2025-08-14,1252.4573974609375,1260.4000244140625,1266.0,1250.199951171875,1255.0999755859375,1603933
2025-08-18,1254.7427978515625,1262.699951171875,1270.5999755859375,1241.0999755859375,1270.0,1648543
2025-08-19,1236.359375,1244.199951171875,1263.800048828125,1241.9000244140625,1263.0,1061816
2025-08-20,1237.5518798828125,1245.4000244140625,1250.699951171875,1238.0,1244.0,685379
2025-08-21,1268.55517578125,1276.5999755859375,1281.800048828125,1240.300048828125,1245.4000244140625,2008295
2025-08-22,1269.5489501953125,1277.5999755859375,1284.0999755859375,1265.5999755859375,1274.0999755859375,1229920
2025-08-25,1275.809326171875,1283.9000244140625,1288.9000244140625,1275.300048828125,1277.699951171875,967056
2025-08-26,1255.2396240234375,1263.199951171875,1279.5999755859375,1259.0,1276.0,2798216
2025-08-28,1251.8612060546875,1259.800048828125,1267.4000244140625,1248.5,1263.199951171875,1827890
2025-08-29,1252.1591796875,1260.0999755859375,1266.4000244140625,1240.800048828125,1259.0,2422956
2025-09-01,1271.83447265625,1279.9000244140625,1285.0,1260.0999755859375,1260.0999755859375,1273903
2025-09-02,1245.799560546875,1253.699951171875,1283.4000244140625,1248.0,1279.9000244140625,1632660
2025-09-03,1254.2459716796875,1262.199951171875,1265.9000244140625,1247.5999755859375,1250.0,1294925
2025-09-04,1245.10400390625,1253.0,1274.699951171875,1249.0,1268.0,1230934
2025-09-05,1260.1087646484375,1268.0999755859375,1271.699951171875,1253.5999755859375,1254.300048828125,769861
2025-09-08,1242.7191162109375,1250.5999755859375,1277.0,1248.699951171875,1269.0,969297
2025-09-09,1283.1627197265625,1291.300048828125,1295.800048828125,1256.800048828125,1257.5,1643726
2025-09-10,1295.9813232421875,1304.199951171875,1310.0,1293.699951171875,1294.4000244140625,1232984
2025-09-11,1294.88818359375,1303.0999755859375,1311.0,1283.0,1304.0,1349391
2025-09-12,1308.4024658203125,1316.699951171875,1321.0,1302.800048828125,1303.0999755859375,1042942
2025-09-15,1292.602783203125,1300.800048828125,1311.800048828125,1292.5,1308.9000244140625,1331182
2025-09-16,1302.142333984375,1310.4000244140625,1312.5,1296.4000244140625,1300.0,1034369
2025-09-17,1303.135986328125,1311.4000244140625,1318.199951171875,1305.199951171875,1317.0,716840
2025-09-18,1314.36474609375,1322.699951171875,1325.800048828125,1305.699951171875,1312.0999755859375,822010
2025-09-19,1313.3709716796875,1321.699951171875,1326.800048828125,1312.0,1324.699951171875,1409571
2025-09-22,1293.198974609375,1301.4000244140625,1320.9000244140625,1293.5,1320.9000244140625,1399531
2025-09-23,1300.1549072265625,1308.4000244140625,1311.9000244140625,1295.199951171875,1300.0,1271238
2025-09-24,1289.919677734375,1298.0999755859375,1308.300048828125,1294.4000244140625,1303.300048828125,750456
2025-09-25,1267.1640625,1275.199951171875,1307.300048828125,1268.0,1298.300048828125,1241492
2025-09-26,1245.203369140625,1253.0999755859375,1278.5,1246.199951171875,1250.0,2284377
2025-09-29,1226.8199462890625,1234.5999755859375,1270.0,1231.0,1265.0,3899164
2025-09-30,1215.988525390625,1223.699951171875,1240.300048828125,1217.5,1235.0999755859375,2635047
2025-10-01,1236.856201171875,1244.699951171875,1250.699951171875,1226.0,1227.9000244140625,4083180
2025-10-03,1240.23486328125,1248.0999755859375,1265.4000244140625,1240.0,1243.9000244140625,2742600
2025-10-06,1240.731689453125,1248.5999755859375,1251.300048828125,1234.199951171875,1248.199951171875,1880910
2025-10-07,1240.63232421875,1248.5,1256.0999755859375,1244.4000244140625,1250.300048828125,1380941
2025-10-08,1226.7205810546875,1234.5,1251.0,1231.4000244140625,1248.300048828125,1496744
2025-10-09,1238.2474365234375,1246.0999755859375,1264.9000244140625,1240.300048828125,1245.0,2699135
2025-10-10,1256.43212890625,1264.4000244140625,1267.699951171875,1244.699951171875,1249.5999755859375,1680920
2025-10-13,1254.4447021484375,1262.4000244140625,1265.0999755859375,1248.300048828125,1257.0,1188201
2025-10-14,1229.5029296875,1237.300048828125,1262.4000244140625,1232.300048828125,1262.4000244140625,1944911
2025-10-15,1224.6337890625,1232.4000244140625,1242.300048828125,1231.0,1233.0,2150067
2025-10-16,1232.384521484375,1240.199951171875,1242.5999755859375,1230.300048828125,1235.9000244140625,1308931
2025-10-17,1247.9857177734375,1255.9000244140625,1262.0,1238.0999755859375,1245.0,1473018
2025-10-20,1273.9212646484375,1282.0,1287.699951171875,1259.800048828125,1264.800048828125,1368192
2025-10-21,1280.5789794921875,1288.699951171875,1294.0,1283.0999755859375,1288.0,226788
2025-10-23,1271.337646484375,1279.4000244140625,1303.5999755859375,1271.5999755859375,1303.5999755859375,1991213
2025-10-24,1275.5111083984375,1283.5999755859375,1288.0,1265.5,1280.0,1167634
2025-10-27,1276.206787109375,1284.300048828125,1293.4000244140625,1264.5999755859375,1283.0,1927956
2025-10-28,1281.274658203125,1289.4000244140625,1294.9000244140625,1275.300048828125,1283.9000244140625,1828290
2025-10-29,1243.0172119140625,1250.9000244140625,1301.5,1235.0,1299.0,2574921
2025-10-30,1194.6240234375,1202.199951171875,1207.199951171875,1180.9000244140625,1196.0,8883497
2025-10-31,1190.0531005859375,1197.5999755859375,1205.5,1191.0,1202.5,4250157
2025-11-03,1188.463134765625,1196.0,1200.800048828125,1187.9000244140625,1196.9000244140625,1547000
2025-11-04,1192.43798828125,1200.0,1204.300048828125,1193.300048828125,1198.0,1015516
2025-11-06,1197.6051025390625,1205.199951171875,1213.9000244140625,1193.199951171875,1202.0,1560897
2025-11-07,1197.803955078125,1205.4000244140625,1211.9000244140625,1198.0,1208.0,1076140
2025-11-10,1191.1461181640625,1198.699951171875,1209.5,1195.0,1199.4000244140625,3483082
2025-11-11,1203.865478515625,1211.5,1214.800048828125,1198.5999755859375,1203.5999755859375,1048552
2025-11-12,1221.8514404296875,1229.5999755859375,1235.0,1215.0,1220.0999755859375,1222295
2025-11-13,1227.1180419921875,1234.9000244140625,1242.4000244140625,1227.300048828125,1235.800048828125,1426984
2025-11-14,1238.1480712890625,1246.0,1249.0,1231.800048828125,1235.199951171875,827643
2025-11-17,1236.5582275390625,1244.4000244140625,1253.0,1240.5,1253.0,1423044
2025-11-18,1235.9620361328125,1243.800048828125,1247.0,1232.699951171875,1244.5,971685
2025-11-19,1242.321533203125,1250.199951171875,1252.699951171875,1237.0,1248.699951171875,830105
2025-11-20,1240.731689453125,1248.5999755859375,1255.0,1237.699951171875,1255.0,854999
2025-11-21,1236.061279296875,1243.9000244140625,1250.699951171875,1237.0999755859375,1244.800048828125,941902
2025-11-24,1218.4727783203125,1226.199951171875,1262.4000244140625,1219.0,1248.0,7611988
2025-11-25,1228.3104248046875,1236.0999755859375,1251.199951171875,1230.300048828125,1236.300048828125,1983817
2025-11-26,1240.135498046875,1248.0,1251.0,1234.5999755859375,1236.0999755859375,809816
2025-11-27,1241.4273681640625,1249.300048828125,1256.0,1241.0,1248.0,1060956
2025-11-28,1250.867431640625,1258.800048828125,1260.300048828125,1245.0,1250.0,809748
2025-12-01,1252.1591796875,1260.0999755859375,1268.800048828125,1248.4000244140625,1263.9000244140625,1457856
2025-12-02,1267.1640625,1275.199951171875,1278.300048828125,1260.5,1260.5,2361183
2025-12-03,1272.62939453125,1280.699951171875,1293.0,1269.199951171875,1283.5999755859375,4969448
2025-12-04,1269.5489501953125,1277.5999755859375,1284.199951171875,1266.5,1280.5999755859375,1971130
2025-12-05,1267.1640625,1275.199951171875,1282.800048828125,1271.5999755859375,1277.5999755859375,1036082
2025-12-08,1258.5189208984375,1266.5,1279.0,1263.699951171875,1275.0,1435892
2025-12-09,1238.3468017578125,1246.199951171875,1267.4000244140625,1241.300048828125,1266.5,2118272
2025-12-10,1242.9178466796875,1250.800048828125,1262.0999755859375,1246.800048828125,1249.300048828125,1669910
2025-12-11,1265.4747314453125,1273.5,1275.9000244140625,1248.0,1250.800048828125,1717539
2025-12-12,1271.23828125,1279.300048828125,1280.4000244140625,1267.300048828125,1275.0,981548
2025-12-15,1272.530029296875,1280.5999755859375,1282.800048828125,1264.0999755859375,1274.9000244140625,1078613
2025-12-16,1268.8533935546875,1276.9000244140625,1285.9000244140625,1272.0,1285.9000244140625,928506
2025-12-17,1263.9842529296875,1272.0,1281.0,1267.300048828125,1270.0,894068
2025-12-18,1271.933837890625,1280.0,1283.9000244140625,1262.0,1277.0,889699
2025-12-19,1270.1451416015625,1278.199951171875,1292.9000244140625,1268.9000244140625,1277.0,1209487
2025-12-22,1275.3123779296875,1283.4000244140625,1286.300048828125,1276.699951171875,1278.199951171875,614138
2025-12-23,1275.4117431640625,1283.5,1288.5999755859375,1277.800048828125,1288.5999755859375,408490
2025-12-24,1257.8233642578125,1265.800048828125,1285.0999755859375,1252.4000244140625,1281.0999755859375,1265233
2025-12-26,1261.30126953125,1269.300048828125,1275.0,1261.0999755859375,1265.0,594744
2025-12-29,1260.6055908203125,1268.5999755859375,1275.9000244140625,1260.0,1269.300048828125,811488
2025-12-30,1257.8233642578125,1265.800048828125,1272.9000244140625,1256.4000244140625,1268.0,1123996
2025-12-31,1263.3880615234375,1271.4000244140625,1273.9000244140625,1260.0,1270.0,658106
2026-01-01,1245.50146484375,1253.4000244140625,1270.0,1248.0,1270.0,553856
2026-01-02,1248.1844482421875,1256.0999755859375,1257.5999755859375,1236.0,1249.0,1591218
2026-01-05,1242.1229248046875,1250.0,1262.300048828125,1245.0,1256.0,1184386
2026-01-06,1248.2838134765625,1256.199951171875,1258.800048828125,1245.5,1250.0,540944
2026-01-07,1234.96826171875,1242.800048828125,1265.0,1240.0,1252.5999755859375,1215477
2026-01-08,1199.2945556640625,1206.9000244140625,1241.5999755859375,1202.199951171875,1241.5999755859375,2000942
2026-01-09,1202.4742431640625,1210.0999755859375,1216.4000244140625,1203.5999755859375,1207.0,1390935
2026-01-12,1207.84033203125,1215.5,1218.699951171875,1199.9000244140625,1210.0,707317
2026-01-13,1183.7928466796875,1191.300048828125,1215.9000244140625,1185.5,1215.5999755859375,2071117
2026-01-14,1179.0230712890625,1186.5,1195.0,1176.0999755859375,1191.0999755859375,2834908
2026-01-15,1179.0230712890625,1186.5,1186.5,1186.5,1186.5,0
2026-01-16,1168.0924072265625,1175.5,1197.0,1171.5,1184.0,2214792
2026-01-19,1159.8446044921875,1167.199951171875,1177.5,1164.699951171875,1170.0,1253443
2026-01-20,1159.3477783203125,1166.699951171875,1192.800048828125,1161.4000244140625,1168.4000244140625,2790934
2026-01-21,1149.9075927734375,1157.199951171875,1193.800048828125,1148.4000244140625,1170.0,2322066
2026-01-22,1209.82763671875,1217.5,1225.0,1187.699951171875,1195.0,6464461
2026-01-23,1227.8135986328125,1235.5999755859375,1250.800048828125,1225.0,1230.0,3888860
2026-01-27,1231.9871826171875,1239.800048828125,1252.300048828125,1233.5,1251.0,2159137
2026-01-28,1214.796142578125,1222.5,1243.199951171875,1219.0,1241.9000244140625,1740662
2026-01-29,1201.2818603515625,1208.9000244140625,1218.0,1191.199951171875,1215.300048828125,1626394
2026-01-30,1210.423828125,1218.0999755859375,1224.800048828125,1200.0,1200.0,1672460
2026-02-02,1175.0482177734375,1182.5,1195.0,1167.0999755859375,1189.5,1207638
2026-02-03,1227.6148681640625,1235.4000244140625,1265.9000244140625,1218.0999755859375,1265.0,1521425
2026-02-04,1232.384521484375,1240.199951171875,1248.300048828125,1230.0999755859375,1235.5,947684
2026-02-05,1237.0550537109375,1244.9000244140625,1253.5999755859375,1237.0,1242.0,953241
2026-02-06,1233.3782958984375,1241.199951171875,1248.9000244140625,1225.0,1244.9000244140625,1324651
2026-02-09,1267.462158203125,1275.5,1278.800048828125,1243.5,1260.0,2111316
2026-02-10,1248.0850830078125,1256.0,1283.5,1253.0,1279.0,1412804
2026-02-11,1262.2950439453125,1270.300048828125,1273.5,1253.199951171875,1263.9000244140625,855888
2026-02-12,1266.865966796875,1274.9000244140625,1277.5999755859375,1261.5,1268.9000244140625,981247
2026-02-13,1260.1087646484375,1268.0999755859375,1279.300048828125,1263.5999755859375,1274.0,838946
2026-02-16,1261.400634765625,1269.4000244140625,1275.199951171875,1257.0999755859375,1257.0999755859375,469592
2026-02-17,1276.70361328125,1284.800048828125,1286.800048828125,1258.199951171875,1266.0,687326
2026-02-18,1272.23193359375,1280.300048828125,1291.5,1276.5999755859375,1289.0,689997
2026-02-19,1274.2193603515625,1282.300048828125,1295.699951171875,1276.5,1290.0,1333838
2026-02-20,1272.331298828125,1280.4000244140625,1292.4000244140625,1275.0,1281.9000244140625,1753200
2026-02-23,1299.1611328125,1307.4000244140625,1313.5,1282.0999755859375,1290.0,1849756
2026-02-24,1292.0064697265625,1300.199951171875,1315.0,1297.0999755859375,1307.5,1803242
2026-02-25,1298.266845703125,1306.5,1324.0,1266.9000244140625,1281.0,2296240
2026-02-26,1310.9862060546875,1319.300048828125,1327.0,1305.0,1311.199951171875,1511598
2026-02-27,1278.1942138671875,1286.300048828125,1317.199951171875,1278.199951171875,1313.800048828125,3510396
2026-03-02,1286.2430419921875,1294.4000244140625,1300.0,1221.199951171875,1252.5999755859375,1052234
2026-03-04,1283.063232421875,1291.199951171875,1299.199951171875,1272.0999755859375,1274.4000244140625,1890939
2026-03-05,1305.22265625,1313.5,1322.0999755859375,1292.5,1292.5,1060509
2026-03-06,1295.5838623046875,1303.800048828125,1316.4000244140625,1290.800048828125,1313.5,963701
2026-03-09,1278.8897705078125,1287.0,1294.9000244140625,1273.5999755859375,1285.5,1597730
2026-03-10,1306.3157958984375,1314.5999755859375,1329.5999755859375,1288.0,1288.0,2329349
2026-03-11,1317.1470947265625,1325.5,1336.0,1311.0999755859375,1311.0999755859375,2454389
2026-03-12,1310.6881103515625,1319.0,1337.300048828125,1303.5999755859375,1321.0,1969692
2026-03-13,1284.1563720703125,1292.300048828125,1319.9000244140625,1280.9000244140625,1310.0,1574522
2026-03-16,1268.8533935546875,1276.9000244140625,1297.0,1264.0,1292.0999755859375,1294975
2026-03-17,1275.7099609375,1283.800048828125,1291.4000244140625,1265.0,1279.9000244140625,1003677
2026-03-18,1286.640625,1294.800048828125,1299.300048828125,1280.0999755859375,1283.800048828125,849938
2026-03-19,1266.468505859375,1274.5,1286.4000244140625,1266.699951171875,1278.699951171875,1035491
2026-03-20,1290.7147216796875,1298.9000244140625,1307.5,1288.199951171875,1289.0,3359706
2026-03-23,1245.402099609375,1253.300048828125,1293.0,1244.199951171875,1293.0,2112613
2026-03-24,1251.662353515625,1259.5999755859375,1279.800048828125,1248.4000244140625,1267.199951171875,3166135
2026-03-25,1292.5032958984375,1300.699951171875,1309.0,1260.0999755859375,1268.9000244140625,1577150
2026-03-27,1273.623046875,1281.699951171875,1302.9000244140625,1278.199951171875,1297.0,2165113
2026-03-30,1246.9920654296875,1254.9000244140625,1276.199951171875,1251.0999755859375,1265.0,1991442
2026-04-01,1201.9774169921875,1209.5999755859375,1284.800048828125,1206.0999755859375,1280.0,2240507
2026-04-02,1209.6290283203125,1217.300048828125,1222.5999755859375,1167.5,1187.5,3560727
2026-04-06,1210.1258544921875,1217.800048828125,1223.199951171875,1196.300048828125,1220.0999755859375,1099471
2026-04-07,1188.5625,1196.0999755859375,1211.0,1179.0,1208.0,2330512
2026-04-08,1183.8922119140625,1191.4000244140625,1219.9000244140625,1185.4000244140625,1210.0,2063229
2026-04-09,1204.262939453125,1211.9000244140625,1214.699951171875,1189.0,1189.0,2746602
2026-04-10,1224.4349365234375,1232.199951171875,1236.800048828125,1208.800048828125,1212.800048828125,1931448
2026-04-13,1228.1116943359375,1235.9000244140625,1239.0999755859375,1204.0,1218.0,1463269
2026-04-15,1210.1258544921875,1217.800048828125,1222.0,1195.4000244140625,1220.0,4693413
2026-04-16,1213.703125,1221.4000244140625,1227.5999755859375,1214.0999755859375,1222.0,2014236
2026-04-17,1227.9129638671875,1235.699951171875,1242.0,1212.4000244140625,1215.199951171875,2564061
2026-04-20,1224.83251953125,1232.5999755859375,1243.0,1223.0,1235.0,1605279
2026-04-21,1212.9080810546875,1220.5999755859375,1234.9000244140625,1218.4000244140625,1232.5999755859375,1230733
2026-04-22,1209.330810546875,1217.0,1226.0,1208.0999755859375,1214.0999755859375,1573272
2026-04-23,1322.6124267578125,1331.0,1357.0,1217.5,1230.0,16407707
2026-04-24,1308.800048828125,1317.0999755859375,1348.800048828125,1293.0,1293.0,5638719
2026-04-27,1326.09033203125,1334.5,1350.0,1309.0,1320.4000244140625,1940454
2026-04-28,1346.063720703125,1354.5999755859375,1367.9000244140625,1327.4000244140625,1342.4000244140625,2336352
2026-04-29,1321.4200439453125,1329.800048828125,1375.9000244140625,1321.5,1367.0,4545837
2026-04-30,1314.5634765625,1322.9000244140625,1340.300048828125,1313.5999755859375,1327.0,1227007
2026-05-01,1314.5634765625,1322.9000244140625,1322.9000244140625,1322.9000244140625,1322.9000244140625,0
2026-05-04,1279.08837890625,1287.199951171875,1320.0,1280.5999755859375,1320.0,2285506
2026-05-05,1263.189208984375,1271.199951171875,1292.4000244140625,1268.5,1287.5999755859375,986348
2026-05-06,1302.738525390625,1311.0,1328.5999755859375,1277.0999755859375,1282.0,3340410
2026-05-07,1299.35986328125,1307.5999755859375,1315.699951171875,1297.300048828125,1309.0999755859375,2530096
2026-05-08,1285.7462158203125,1293.9000244140625,1310.199951171875,1290.0,1303.5,964903
2026-05-11,1271.83447265625,1279.9000244140625,1299.9000244140625,1272.5,1288.0,1506740
2026-05-12,1261.996826171875,1270.0,1288.300048828125,1264.5,1278.9000244140625,1946195
2026-05-13,1257.3265380859375,1265.300048828125,1303.800048828125,1230.0,1245.5999755859375,9276074
2026-05-14,1295.3851318359375,1303.5999755859375,1307.699951171875,1255.0,1265.300048828125,2362951
2026-05-15,1328.2764892578125,1336.699951171875,1344.9000244140625,1303.5999755859375,1303.5999755859375,3982549
2026-05-18,1322.8111572265625,1331.199951171875,1341.9000244140625,1322.0,1336.5,1926791
2026-05-19,1326.785888671875,1335.199951171875,1345.0,1318.9000244140625,1332.0,2488019
2026-05-20,1313.56982421875,1321.9000244140625,1336.0,1319.5999755859375,1323.5999755859375,1277182
2026-05-21,1310.191162109375,1318.5,1331.5999755859375,1314.199951171875,1325.0,2183121
2026-05-22,1298.96240234375,1307.199951171875,1329.5999755859375,1305.0999755859375,1319.0,2002451
2026-05-25,1323.0098876953125,1331.4000244140625,1340.5,1298.699951171875,1320.0,4659781
2026-05-26,1319.531982421875,1327.9000244140625,1341.0,1321.5999755859375,1333.0,1909354
2026-05-27,1310.6881103515625,1319.0,1346.800048828125,1316.699951171875,1329.5999755859375,959327
2026-05-28,1310.6881103515625,1319.0,1319.0,1319.0,1319.0,0
2026-05-29,1295.2857666015625,1303.5,1328.5999755859375,1297.5,1318.800048828125,5424483
2026-06-01,1282.268310546875,1290.4000244140625,1319.5999755859375,1284.800048828125,1310.0999755859375,1379034
2026-06-02,1265.9716796875,1274.0,1284.699951171875,1264.0999755859375,1280.199951171875,2021793
2026-06-03,1255.339111328125,1263.300048828125,1275.199951171875,1256.9000244140625,1269.5,1226407
2026-06-04,1259.5125732421875,1267.5,1274.9000244140625,1248.4000244140625,1257.300048828125,944045
2026-06-05,1270.1451416015625,1278.199951171875,1289.4000244140625,1268.5,1273.0,774687
2026-06-08,1267.5615234375,1275.5999755859375,1293.699951171875,1270.0,1270.0,862999
2026-06-09,1260.50634765625,1268.5,1287.5999755859375,1261.4000244140625,1277.0,871896
2026-06-10,1263.68603515625,1271.699951171875,1283.699951171875,1266.699951171875,1268.5999755859375,1172155
2026-06-11,1267.958984375,1276.0,1285.699951171875,1266.4000244140625,1271.0999755859375,1057772
2026-06-12,1267.36279296875,1275.4000244140625,1291.0,1266.0,1291.0,1645027
2026-06-15,1271.43701171875,1279.5,1296.199951171875,1275.300048828125,1296.199951171875,1178640
2026-06-16,1268.8533935546875,1276.9000244140625,1286.0,1269.0999755859375,1279.0,430918
2026-06-17,1261.003173828125,1269.0,1277.4000244140625,1260.9000244140625,1276.0,683616
2026-06-18,1259.5125732421875,1267.5,1279.9000244140625,1261.699951171875,1269.0,774093
2026-06-19,1264.0836181640625,1272.0999755859375,1275.0,1261.0,1267.0,1312877
2026-06-22,1282.56640625,1290.699951171875,1306.0,1271.199951171875,1278.0999755859375,1618251
2026-06-23,1293.099609375,1301.300048828125,1329.5,1294.9000244140625,1297.199951171875,2878800
2026-06-24,1320.02880859375,1328.4000244140625,1343.0,1306.199951171875,1310.0,3346371
2026-06-25,1341.989501953125,1350.5,1363.0,1331.9000244140625,1331.9000244140625,1699744
2026-06-26,1341.989501953125,1350.5,1350.5,1350.5,1350.5,0
2026-06-29,1367.03076171875,1375.699951171875,1414.9000244140625,1355.800048828125,1388.4000244140625,8857211
2026-06-30,1348.5479736328125,1357.0999755859375,1375.0,1347.0999755859375,1375.0,2446438
2026-07-01,1331.4564208984375,1339.9000244140625,1362.699951171875,1330.0,1351.0,1423120
2026-07-02,1337.2197265625,1345.699951171875,1360.800048828125,1329.0,1339.9000244140625,808598
2026-07-03,1365.4407958984375,1374.0999755859375,1390.4000244140625,1350.300048828125,1356.0,1296170
2026-07-06,1359.2799072265625,1367.9000244140625,1380.699951171875,1357.4000244140625,1375.9000244140625,810266
2026-07-07,1346.063720703125,1354.5999755859375,1380.199951171875,1351.5,1362.0,1043736
2026-07-08,1340.4990234375,1349.0,1383.0,1338.5999755859375,1357.0,1561612
2026-07-09,1261.5,1269.5,1349.0,1261.0999755859375,1340.0,8410883
2026-07-10,1244.300048828125,1244.300048828125,1251.800048828125,1222.0,1244.9000244140625,8106606
2026-07-13,1234.5,1234.5,1249.0999755859375,1226.300048828125,1244.300048828125,2437935
2026-07-14,1246.199951171875,1246.199951171875,1248.0,1231.199951171875,1234.5,1984818
2026-07-15,1229.5,1229.5,1249.0999755859375,1226.4000244140625,1249.0999755859375,1685660
2026-07-16,1224.4000244140625,1224.4000244140625,1235.0,1221.800048828125,1227.5,1935887
2026-07-17,1211.199951171875,1211.199951171875,1229.9000244140625,1201.199951171875,1227.5,2075149
2026-07-20,1223.0999755859375,1223.0999755859375,1231.300048828125,1209.5999755859375,1213.300048828125,2212191
2026-07-21,1206.0,1206.0,1230.0,1203.0,1224.699951171875,2182513
2026-07-22,1182.800048828125,1182.800048828125,1202.300048828125,1169.0,1191.0,2528082
2026-07-23,1166.300048828125,1166.300048828125,1171.5999755859375,1101.0,1101.0,6693935
2026-07-24,1151.699951171875,1151.699951171875,1166.300048828125,1131.4000244140625,1147.0,4750512
2026-07-27,1150.800048828125,1150.800048828125,1159.300048828125,1147.199951171875,1154.699951171875,1053461
2026-07-28,1135.5999755859375,1135.5999755859375,1149.0,1130.199951171875,1145.0,2157306
2026-07-29,1142.300048828125,1142.300048828125,1147.800048828125,1131.0999755859375,1144.0,1280586
2026-07-30,1144.800048828125,1144.800048828125,1151.0,1139.0,1143.0,1350714
2026-07-31,1148.0999755859375,1148.0999755859375,1154.300048828125,1141.699951171875,1152.0,1085841
2026-08-03,1180.0,1180.0,1182.0,1160.300048828125,1166.199951171875,2150927
2026-08-04,1172.5999755859375,1172.5999755859375,1174.0,1154.4000244140625,1174.0,2165315
2026-08-05,1176.0,1176.0,1178.4000244140625,1157.699951171875,1171.800048828125,1883679
2026-08-06,1171.0,1171.0,1174.4000244140625,1163.0,1174.0,1329196
2026-08-07,1172.0,1172.0,1172.0,1162.0999755859375,1166.0,1072438
2026-08-10,1158.800048828125,1158.800048828125,1178.800048828125,1156.0,1172.0,1770609
2026-08-11,1205.0,1205.0,1206.5999755859375,1155.0999755859375,1159.0999755859375,3936813
2026-08-12,1200.0,1200.0,1206.800048828125,1190.0,1206.800048828125,2366909
2026-08-13,1206.0,1206.0,1208.0999755859375,1182.0999755859375,1194.0,1799813
2026-08-14,1200.0,1200.0,1205.9000244140625,1192.4000244140625,1205.9000244140625,2136998
2026-08-17,1192.0,1192.0,1204.4000244140625,1178.199951171875,1204.4000244140625,2183094
2026-08-18,1178.800048828125,1178.800048828125,1189.300048828125,1176.0999755859375,1185.0,805633
2026-08-19,1170.0,1170.0,1187.199951171875,1168.0,1171.9000244140625,1150424
2026-08-20,1180.0,1180.0,1183.800048828125,1171.199951171875,1171.199951171875,1031107
2026-08-21,1174.699951171875,1174.699951171875,1185.0999755859375,1174.0,1179.0,1246756
2026-08-24,1190.0,1190.0,1195.9000244140625,1168.5999755859375,1179.4000244140625,2248634
2026-08-25,1193.5,1193.5,1193.5,1175.0,1189.0,1569853
2026-08-26,1182.0,1182.0,1197.199951171875,1180.0999755859375,1189.9000244140625,1993156
2026-08-27,1177.0,1177.0,1191.9000244140625,1169.4000244140625,1182.0,1044405
2026-08-28,1178.0,1178.0,1186.5999755859375,1172.5,1175.0,682712
2026-08-31,1154.4000244140625,1154.4000244140625,1178.0999755859375,1154.4000244140625,1178.0,2001757
2026-09-01,1171.0,1171.0,1179.9000244140625,1166.5,1166.5,556259
2026-09-02,1156.5,1156.5,1170.9000244140625,1156.5,1165.0,486542
2026-09-03,1155.0,1155.0,1164.300048828125,1155.0,1162.0,338274
2026-09-04,1151.0,1151.0,1166.800048828125,1151.0,1157.0,568461
2026-09-07,1144.199951171875,1144.199951171875,1163.199951171875,1141.800048828125,1150.5,420952
2026-09-08,1151.0,1151.0,1154.5,1144.0,1146.5,587270
2026-09-09,1145.0,1145.0,1151.0,1136.4000244140625,1146.0,528499
2026-09-10,1143.0,1143.0,1147.199951171875,1134.9000244140625,1140.0,1684792
2026-09-11,1165.5,1165.5,1182.0,1130.0,1130.0,2403285
2026-09-14,1165.5,1165.5,1165.5,1165.5,1165.5,0
2026-09-15,1145.0,1145.0,1168.5,1141.0,1163.699951171875,1810974
2026-09-16,1140.0,1140.0,1149.9000244140625,1133.9000244140625,1142.0,1120896
2026-09-17,1175.0,1175.0,1189.800048828125,1140.0,1140.0,2311932
2026-09-18,1185.0,1185.0,1207.5,1182.0999755859375,1182.5999755859375,3002566
2026-09-21,1198.300048828125,1198.300048828125,1211.9000244140625,1185.0,1185.0,1718834
2026-09-22,1211.0,1211.0,1222.0,1201.199951171875,1207.0,3355097
2026-09-23,1211.199951171875,1211.199951171875,1220.5,1205.9000244140625,1210.0,987420
2026-09-24,1200.4000244140625,1200.4000244140625,1213.9000244140625,1197.0,1210.9000244140625,1667696
2026-09-25,1201.0,1201.0,1207.800048828125,1193.4000244140625,1204.5,1001238
2026-09-28,1221.0,1221.0,1229.800048828125,1204.0,1211.5999755859375,3401676
2026-09-29,1251.9000244140625,1251.9000244140625,1252.800048828125,1229.0,1243.199951171875,5347128
2026-09-30,1233.0,1233.0,1244.5999755859375,1214.199951171875,1242.199951171875,4026022
2026-10-01,1202.5,1202.5,1233.9000244140625,1194.9000244140625,1233.0,2194978
